,tweet
0,data sim card bocor media main blender menkominfo johnny g plate dibuli warganet
1,data sim card bocor media main blender menkominfo johnny plate dibuli warganet
2,kemenkominfo investigasi bocor miliar data sim card
3,kan kalian bikin atur beli sim card pakai nik kakak sekarang data sim card bocor kalian nyalahin dengan alas ingat nik jangan beri pihak tidak percaya be tu adik go
4,kominfo bocor miliar data sim card olah pahlawan
5,kemenkominfo telusur data sim card bocor nyata mirip asli
6,ahli it nilai tiga pihak kelola data sim card telepon seluler kominfo operator seluler kemendagri kominfo salah selenggara bagaimana dukcapil kemendagri
7,data sim card bocor media main blender menkominfo dibuli warganet
8,kalau data benar data nik data telepon kalau registrasi sim card nik kakak situ ada cari institusi mana yang simpan nikkk
9,kominfo laku investigasi kait duga bocor miliar data registrasi sim card pihak panggil pihakpihak kait masalah ini
10,akibat media main blendeerr menkominfo johnny g plate kemkominfo dbuli gegara bocor miliar data registrasi sim card prabayar fakta data tsb jual akun bj forum
11,kominfo juga blokir situs gelap usai bocor data sim card
12,bulian hadap menkominfo johnny g plate kominfo kali awal bocor miliar data registrasi sim card prabayar data sebut jual akun nama bjorka forum
13,data sim card bocor mirip yang asli kata kemenkominfo
14,kominfo sebut sim card bisa simpan data pribadi
15,miliar data sim card bocor nurul arifin harap ruu pdp segera rampung partaigolkar airlanggahartarto golkarpedia
16,data sim card bocor menkominfo jaga nik sendiri sayembara sayembara bukan sulap bukan sihir barangsiapa jaga bocor data nik nkknya sendiri registrasi menkominfo akan angkat jadi menkominfo makzulkanpresidenpengkhianat
17,kemenkominfo dalam duga bocor data sim card
18,bocor data sim card kominfo akan investigasi lebih hackernya
19,bulian hadap menkominfo johnny g plate kominfo kali awal bocor miliar data registrasi sim card prabayar data sebut jual akun nama bjorka forum
20,menkominfo jadi bulanbulanan netizen kemenkominfo dibuli sedikit membuli katakata bilang kasar dan jorok awal bobol data registrasi sim card prabayar
21,tanggap duga bocor miliar data sim card menkominfo johnny g plate imbau masyarakat jaga data nik masingmasing tempobisnis
22,data sim card bocor mirip yang asli kata kemenkominfo bagaimana maksud
23,data sim card bocor media main blender menkominfo johnny g plate dibuli warganet sayang blender konteks bocor milyar data registrasi sim card prabayar himbauan masyarakat jaga nik masingmasing
24,awal bobol data registrasi sim card prabayarpembulian hadap menkominfo johnny g plate kominfo kali awal bocor miliar data registrasi sim card prabayar
25,hasil investigasi kominfo mirip data sim card nik bocor hpnbumn witjaksono ikan gratis mctominay vivoyonshopee serikat nelayan nu senin baim pertamina eriksen lee jihoon arsenal beard papa eriksen
26,kominfo minta operator seluler tanggung jawab atas bocor miliar data sim card tempobisnis
27,duga bocor data registrasi sim card tanggap dirjen dukcapil kemendagri dukcapilmembahagiakanmasyarakat dukcapilgodigital dukcapilbisa
28,bahkan jadi rasa sakit salah pihak bukankah dulu kalian jamin paksa data nik sim card aman makanya masyarakat mau laku tanggung jawab cari siapa orang bukan bahkan baperan
29,kominfo sebut bocor miliar data sim card telepon seluler rupa salah selenggara siapa
30,kominfo duga jadi langgar pidana bocor data sim card banyak miliar
31,kominfo bocor miliar data sim card olah pahlawan
32,kominfo investigasi duga bocor data registrasi sim card
33,data sim card bocor mirip yang asli katakemenkominfo
34,kominfo nilai orang bocor data miliar sim card telepon seluler anggap pahlawan menteri ancam hacker laku serang siber
35,kominfo tegas hacker curi data miliar sim card warga indonesia pidana rugi masyarakat kumparantech
36,bocor data sim card indonesia kominfo aku persen nikcocok
37,saran menkominfo usai bocor data sim card jaga nik ganti password via
38,kominfo endus duga langgar pidana bocor data sim card banyak miliar tempobisnis
39,kominfo aku duga bocor data sim card mirip
40,cw tiktok m lebih data sim card masyarakat indonesia bocor
41,banyak miliar data sim card prabayar duga bocor pakar desak audit investigasi digital forensik tahu asal bocor
42,kominfo jelas duga bocor miliar data sim card gedung kemenkominfo jakarta saksi live report
43,ramai duga bocor miliar data proses registrasi sim card menteri komunikasi informatika johnny g plate imbau masyarakat jaga data privasi masingmasing lha terus lasi bagaimana pak menteri vdvctalk kominfo nik databocor
44,menteri komunikasi informatika kominfo tanggap duga bocor miliar data proses registrasi sim card data privasi maksud lain data nomor induk duduk nik kartu keluarga saksi live reportnya
45,bocor kan data sim card jadi benar operator selular hak tidak minta nik
46,menteri komunikasi informasi tidak erti sama sekali teknologi komunikasi mangkanya segala macam bocor tangan data sim card bocor johnny plate sebut masyarakat jaga nik masingmasing
47,duga bocor data sim card pakar investigasi lebih
48,ributribut data sim card bocor begini cara cek nomor aman atautidak
49,ingat janji kominfo tahun lalu data registrasi sim cardaman
50,ingat janji kominfo tahun lalu data registrasi sim card aman
51,saran menkominfo usai bocor data sim card jaga nik ganti password
52,saran menkominfo usai bocor data sim card jaga nik gantipassword
53,ramai data sim card bocor begini cara cek nomor aman tidak beritajogja jogja jogjaistimewa
54,selalu anak bangsa disalahkanyg kelen pikir ini dongok jamaah jelas dasar dunia it kelas tidak paham erti otpkok bisaa masyarakat yang kena batu dasar piring data sim card bocor menkominfo jaga nik sendiri
55,usai jadi data registrasi sim card bocor kominfo minta masyarakat jaga nik sendiri baik hatihati hahahahahahahahahahahahahahahahahahahahahahahahahahaha sanationid
56,miliar data sim card bocor nurul arifin harap ruu pdp segera rampung airlanggahartarto airlanggapemersatu airlanggauntukindonesia partaigolkar golkarpedia golkarsolid
57,sama mantan pernah crita kalau institusi ada oknum pakai data nik kakak masyarakat buat aktifin sim card itu banyak banvet bukan cm satu bego ikut bntuin bagaimana mau melidungi nik syarat itu fc ktp kakak
58,hasil telusur kemendagri soal miliar data sim card indonesia bocor via
59,data sim card bocor menkominfo minta masyarakat lebihdisiplin
60,bagaimana sih tanggap negara ngewajibin registrasi sim card pakai nik data sudah kumpul tetep tanggungjawabnya masyarakat kamu gaji buat apa joni
61,miliar registrasi sim card bocor cek data di situs aman lewat news
62,kupas objek berita kuota eps harga bbm naik data sim card bocor via
63,milik kait akun bjorka kait penggal data daftar kartu sim sim card telepon indonesia
64,data sim card bocor menkominfo jaga nik sendiri
65,data registrasi sim card duga bocor dukcapil klarifikasi dukcapilbisa dukcapilgodigital dukcapilmembahagiakanmasyarakat
66,jelas duga bocor miliar data proses registrasi sim card kok bahkan jaga nik lain suruh registrasi kan coba suruh baca di webnya sendiri tuh tebelim deh point masa tugas fungsi tidak paham
67,kominfo butuh data kalau kenapa nik jadi salah satu cara daftar sim card
68,data sim card bocor johnny plate sebut masyarakat jaga nik masingmasing bocor gara regitrasi sim card kok diauruh jaga nik bahkan masyarakat mang dulu wajib daftar pakai input nik siape ceceeeebbbb
69,kalau kata rudiantara data sim card simpan telko arti bjorka data ngejebol database semua operator seluler indonesia pertanggungjawaban permenkominfo bagaimana
70,baca miliar lebih data sim card bocor awas rakyat bakal kena teror opini
71,kabar bocor miliar data sim card kartu sim buat gaduh tanah air data duga jual salah satu oknum pasar gelap benar rumor jadi kirakira hendak pakai apa data pasu parasut langgan provider opini
72,modol tanggung jawab data sim card bocor menkominfo jaga nik sendiri minggu jokowi tolol cebong hak komisi nasional perintah pertamina pertamax breakingnews bebanhidupmeroket bbmnaikjokowiturun jokowimundurataurevolusi
73,kocak jabat kalian perintah nyuruh registras nopei pke ktpkk data sim card bocor johnny plate sebut masyarakat jaga nik masingmasing
74,kabar bocor miliar data sim card kartu sim buat gaduh tanah air data duga jual salah satu oknum pasar gelap benar rumor jadi kira hendak pakai apa data pasu parasut langgan provider
75,data sim card bocor menkominfo jaga nik sendiri
76,dulu nerapin atur registrasi sim card pakai nik kan bapak sekali bukan kok gapunya aplikasi nerapin atur eh jangan jangan sengaja minta data pribadi buat daftar sim card buat ju text hilang
77,benar rumor jadi kirakira hendak pakai apa data pasu parasut langgan provider baca miliar lebih data sim card bocor awas rakyat bakal kena teror opini
78,data sim card bocor masa suruh rakyat jaga nik sendiri salah sendiri sedang apa suruh suruh registrasi sim card pakai nik begini kan jadi awal tidak pernah tuju putus why justru timbul bocor data sim card jadi jangan salahin rakyat
79,data sim card bocor menkominfo jaga nik sendiri via
80,data sim card bocor menkominfo jaga nik kitasendiri
81,data sim card bocor menkominfo jaga nik sendiri terimakasih saran pak sungguh sangat inspiratifbaru sekarang pikir bagaimana cara jaga nik sendiri
82,miliar data sim card bocor menkomifo johnny plate minta masyarakat jaga nikmasingmasing
83,data sim card bocor menkominfo jaga nik sendiri
84,minta nomor sim card pakai data nik kakak siapa kominka kan buat bertanggungjawab lepas diri tanggung jawab jadi tanya besar kominfo kerja apa
85,data sim card bocor menkominfo jaga nik sendiri
86,miliar data sim card bocor menkomifo johnny plate minta masyarakat jaga nikmasingmasing
87,data sim card bocor menkominfo jaga nik sendiri
88,data sim card bocor menkominfo jaga nik sendiri
89,data sim card bocor menkominfo jaga nik sendiri
90,dulu rakyat paksa registrasi sim card nikkk sekarang rakyat suruh nikkk data bocor
91,catat nyata milik kait akun bjorka kait penggal data daftar kartu sim sim card telepon indonesia
92,kasus duga bocor data sim card cara cek nomor telepon sim card prabayar bocor sumber infobandungkota
93,terus lama data sim card ditampungnye mane kilah ae buang bodi melulu tanggung jawabnye mane
94,generasi muda bangun indonesia sorot miliar data sim card bocor jadi tenang
95,heboh bocor data sim card satu contoh cerita semua ingat bahwa bocor data melulu urus
96,menteri komunikasi informatika nyata milik kait akun bjorka kait penggal data daftar kartu sim sim card telepon indonesia
97,iya allah gin punya jabat data sim card bocor johnny plate sebut masyarakat jaga nik masingmasing bisnis
98,data rakyat bocor lewat sim card aman rakyat lindung serbaserbi mmc jangan lupa share seluasluasnya iya
99,generasi muda bangun indonesia sorot miliar data sim card bocor jadi tenang via
100,duga bocor data pribadi lagilagi jadi situs breached forum nama bjorka jual data dengan judul indonesia sim card phone number registration billion data besar gb klaim isi nik nomor telepon seluler provider
101,generasi muda bangun indonesia sorot miliar data sim card bocor jadi tidaktenang
102,miliar data registrasi sim card duga bocor bssn beri tips nasional
103,johnny g plate tolak usul daftar sim card pakai ktp usai viral duga kebocorandata
104,sinyalemen lepas tangan data sim card bocor johnny plate sebut masyarakat jaga nik masingmasing lalu
105,sim card bisa dipake belum registrasi salah masyarakat data diri bocor registrasi salah masyarakat
106,kuy lah sama beli produk swasta kalau pegang negara akan benar data registrasi sim card jebol wkwkwk
107,duga bocor data sim card pakar investigasi lebihdalam
108,ramai data sim card bocor sore tadi pesan whats app masuk kode telephone nigeria wah kalau beneran bocor bahaya ngeri banget apa kait bocor data
109,data sim card kalian ingat tidak kena pernah jadi bocor data tahun bagi ingat jawab jabat dengan cara yang sama jawab normatif data duduk sangat fatal bisa akibat
110,dpr minta perintah tanggung jawab soal duga miliar data sim card bocor covid sabtu september tinggal breaking news demo rp pertamina everton mau salah nunez tuchel rumah malming malam minggu covid covid
111,kalau data sim card apa nak kamek ganti njeng bumer kontol
112,apa tuju perintah guna data kakak ktp registrasi sim fakta bukan lindung data rakyat bahkan bisnis mana bocor data registrasi sim card
113,badan siber sandi negara bssn turut angkat bicara kait duga bocor miliar data registrasi sim card prabayar bikin heboh jagat maya
114,duga bocor data registrasi sim card belum tahu asal sumber kominfo ditjen dukcapil kemendagri operator seluler semua ban
115,perintah apa blooon bangat sih jadi jabat kalau bisa jaga data jangan sok regis sim card pakai nik begoo demo
116,eh anjing lembaga kamu nyuruh daftar wajib pakai sim card yak alesannya cukup paham kalau jawab kamu gin suruh pasrah data pegang lembaga tolol jatohnya mundur kalau emang mampu bubar sekali lembaga guna
117,populer ditjen dukcapil menteri negeri kemendagri menep bocor data registrasi sim card prabayar umbar akun bjorka asal pihak
118,iya jaga sih kan data sim card nik pak kalau ada blokir ente kadang kadang ente
119,japfriend dengar informasi kena data sim card bocor segera kunjung website pasti nomor sim card kalian daftar jamin aman data
120,menkominfo kata telusur sumber bocor data miliar sim card mulai laku pekan depan kumparantech
121,kominfo operator seluler kompak bantah colong data sim card langgan lewat online
122,data sim card bocor johnny plate sebut masyarakat jaga nik masingmasing
123,populer duga bocor data registrasi sim card prabayar belum tahu sumber detikers ecek nomor telepon kalian bocor tidak begini cara
124,mulai pekan depan menkominfo buru sumber bocor data sim card
125,menkominfo buru sumber bocor data sim card pekan depan
126,data rakyat bocor lewat sim card aman rakyat lindung serbaserbi mmc bagaimana islam pandang masalah ikut jelas jangan lupa share seluasluasnya iya
127,data rakyat bocor lewat sim card aman rakyat lindung serbaserbi mmc bagaimana islam pandang masalah ikut jelas jangan lupa share seluasluasnya iya
128,mohon cerah bagaimana maksud dong data sim card bocor johnny plate sebut masyarakat jaga nik masingmasing bisnis
129,data sim card bocor johnny plate sebut masyarakat jaga nikmasingmasing
130,menkominfo telusur duga bocor miliar data simcard
131,rentet bocor data jadi sejak agustus data pln indihome data kampus sekolah data duduk kali bocor duga jadi sim card masyarakat validnews
132,heboh data registrasi sim card bocor internet datavalid
133,dasar ogeb bocor baru kan data nik dari registrasi kartu sim card kan tidak beri password ogeb ogeb
134,masalah maksa registrasi sim card pakai nik kan bijak kalian pas data sudah percaya kalian buat registrasi sekarang bahkan narasi nya gin ampun baru bbm naik saja statement bkin emosi
135,menkominfo telusur duga bocor miliar data sim card
136,data sim card bocor johnny plate sebut masyarakat jaga nik masingmasing tempobisnis
137,heboh data registrasi sim card bocor internet data valid
138,menkominfo telusur duga bocor miliar data sim card
139,menkominfo telusur duga bocor miliar data sim card
140,miliar masuk data abalabal aktivasi semua kartu sim card jual habis pakai iya
141,sebut bocor data sim card bencana besar dpr tuntut kominfo tanggung jawab lewat online
142,dukcapil kemendagri bantah bocor miliar data simcard
143,tahu asal bocor data registrasi sim card prabayar meski kamu ecek nomor telepon masuk data bocor tidak ikut cara ecek
144,duga bocor data sim card pakar investigasi lebih
145,kominfo operator seluler kompak bantah colong data sim card langgan
146,sebut bocor data sim card bencana besar dpr tuntut kominfo tanggung jawab simcard sukamta tuntutkominfo
147,miliar data registrasi sim card bocor cek nomor sini
148,populer data ukur gb isi banyak miliar data daftar sim card prabayar duga alami bocor jual klaim data dapat kominfo
149,data sim card bocor begini cara cek
150,data sim card bocor begini cara cek
151,biasa buruk bocor data bahkan ban kata punya aplikasi buat ngenampung data registrasi kartu prabayar pascabayar lah kocak pernah sms kominfo berat nyimpen data sim card dong tuntutkominfo tuntutkominfo
152,data sim card sudah bocor cuma masih percaya sama perintah balesannya begini
153,miliar data sim card duga bocor simak cara cek aman ponselanda
154,duga bocor data sim card reputasi indonesia coreng
155,komando data rakyat bocor lewat daftar sim card siapa paling bertanggungjawab
156,koplak tuntutkominfo milyar data sim card bocor
157,data rakyat bocor lewat sim cardkemanan rakyat lindung
158,data rakyat bocor lewat sim card aman rakyat lindung serbaserbi mmc islamkaffah
159,data rakyat bocor lewat sim card aman rakyat lindung serbaserbi mmc islamkaffah lewat
160,miliar lebih data sim card duga bocor data pribadi masyarakat ancam sebar ngg beres tuntutkominfo tuntutkominfo
161,data rakyat bocor lewat sim card aman rakyat lindung serbaserbi mmc bagaimana islam pandang masalah ikut jelas jangan lupa share seluasluasnya iya
162,data rakyat bocor lewat sim card aman rakyat lindung serbaserbi mmc bagaimana islam pandang masalah ikut jelas jangan lupa share seluasluasnya iya
163,mana bocor data registrasi sim card
164,mana bocor data registrasi simcard
165,miliar data sim card duga bocor simak cara cek aman telepon seluler tempobisnis
166,data rakyat bocor lewat sim card aman rakyat lindung serbaserbi mmc ikut jelas jangan lupa share seluasluasnya yaislam kaffah
167,kominfo duga colong data sim card warga jual pasar gelap tuntutkominfo tuntutkominfo tanggung jawab data hilang
168,kominfo duga colong data sim card warga jual pasar gelap tuntutkominfo tuntutkominfo
169,miliar data registrasi sim card bocor tuntutkominfo tuntutkominfo
170,top tekno berita kemarin kominfo data sim card bmkg musim hujan tuntutkominfo tuntutkominfo
171,jumlah data registrasi sim card prabayar kabar bocor muat miliar data tuntutkominfo tuntutkominfo
172,operator seluler bicara soal bocor data registrasi sim card prabayar tuntutkominfo tuntutkominfo
173,pratama persadha nilai sampel data miliar nomor sim card masuk nomor induk duduk nik nomor kartu keluarga bocor forum gelap valid salah satu indikasi nomor bisa hubung tuntutkominfo tuntutkominfo
174,heboh miliar data registrasi sim card bocor pratama persadha rawan untuk tindak jahat tuntutkominfo tuntutkominfo
175,pratama persadha nilai sampel data miliar nomor sim card masuk nomor induk duduk nik nomor kartu keluarga bocor forum gelap valid salah satu indikasi nomor bisa hubung tuntutkominfo tuntutkominfo
176,contoh iya baru hari lalu hubung lewat wa tahu nama lengkap saya bingung kok timbul tanya data dari sim card bisnis kan diperjualbelikan kok banyak sekali usaha random hubung no hp
177,operator seluler bicara soal bocor data registrasi sim card prabayar tuntutkominfo tuntutkominfo
178,data apa itu lur miliar data registrasi sim card bocor tuntutkominfo tuntutkominfo
179,ungkap tuntut data registrasi sim card prabayar bocor muat miliar data tuntutkominfo tuntutkominfo
180,wah kominfo duga colong data sim card warga jual pasar gelap tuntutkominfo tuntutkominfo
181,trend berita kominfo data sim card tuntutkominfo tuntutkominfo
182,heboh miliar data registrasi sim card bocor pratama persadha rawan untuk tindak jahat tuntutkominfo tuntutkominfo
183,miliar data registrasi sim card bocor cek nomor sini wah tuntutkominfo tuntutkominfo bertanggungjawab
184,data sim card bocor kemendagri sebut bukan database duduk registrasi pakai nik lain tuntutkominfo tuntutkominfo
185,pratama persadha nilai sampel data miliar nomor sim card masuk nomor induk duduk nik nomor kartu keluarga bocor forum gelap valid salah satu indikasi nomor bisa hubung tuntutkominfo tuntutkominfo
186,owww kominfo duga colong data sim card warga jual pasar gelap tuntutkominfo tuntutkominfo
187,lihat berita citacitaku ubah aku kerja keras kumpul uang beli mobil rumah aku kerja keras kumpul uang beli data nik kakak sim card registrasi warga indonesia moga kabul iya tuhan amin
188,miliar data sim card kabar bocor menkominfo laku audit baca lengkap sini mataindonesia simcard menkominfo kebocorandata johnnygplate
189,data sim card duga bocor pakar minta kemenkominfo benar
190,ragu jumlah miliar data bocor registrasi sim card
191,direktorat jenderal duduk catat sipil ditjen dukcapil menteri negeri kemendagri ban bocor miliar data daftar kartu sim sim card telepon asal pihak sim indonesia
192,ada hubung bocor data sim card
193,milyaran data sim card bocor dampak buruk orangorang tenyata sering rasa
194,miliar data sim card kabar bocor diperjualbelikan
195,ditjen dukcapil menteri negeri kemendagri menep bocor data registrasi sim card prabayar umbar akun bjorka asal pihak
196,miliar data sim card telepon seluler duga bocor ikut cara ecek via
197,kali ada miliar data registrasi sim card masyarakat tanah air bocor
198,miliar data sim card kabar bocor duga jadi sejak
199,operator seluler indosat ooredoo hutchison telkomsel xl axiata buka suara kait duga bocor data registrasi sim card prabayar
200,beberapa pihak wenang operator seluler opsel telkomsel indosat xl kominfo menteri komunikasi informatika beri tanggap kait kasus bocor data kartu sim sim card sumber mgtradio mgtplay mgtnews
201,operator seluler indosat ooredoo hutchison telkomsel xl axiata buka suara kait duga bocor data registrasi sim card prabayar
202,operator seluler bantah bocor data sim card bagaimana lembaga negara
203,harus kompensasiganti rugi sih gara data sim card loh mana pakai kkktp hmm gin banget hidup negara opensource
204,miliar data sim card bocor minta perintah tetap tanggung jawab daulat data
205,miliar data sim card bocor minta perintah tetap tanggung jawab daulat data
206,menteri komunikasi informasi serang warganet atas duga bocor miliar data sim card kominfo aku milik data sebut nyata laku telusur internal kait duga bocor data sebut
207,jadi lama data nik buat registrasi sim card siapa simpan usaha provider iya yak
208,duga bocor data registrasi sim card prabayar belum tahu sumber detikers ecek nomor telepon kalian bocor tidak begini cara
209,duga bocor data registrasi sim card prabayar belum tahu sumber detikers ecek nomor telepon kalian bocor tidak begini cara
210,duga bocor data registrasi sim card prabayar belum tahu sumber detikers ecek nomor telepon kalian bocor tidak
211,data sim card duga bocor begini cara cek nomor aman tidak
212,kasus bocor data sim card begini bantahankemendagri
213,operator seluler indosat ooredoo hutchison telkomsel xl axiata buka suara kait duga bocor data registrasi sim card prabayar
214,heboh bocor data sim card satu contoh cerita ingat bahwa bocor data melulu urus
215,kominfo bantah jadi bocor data sim card
216,duga bocor miliar data daftar sim card ramai jagat twitter sebut kabar akun nama bjorka klaim data sebut data base kemenkominfo
217,data milik miliar sim card bocor tawar usd ribu
218,cara cek data sim card masuk bocor bukan
219,data sim card duga bocor aman akun googlemu sekarang via
220,cara cek data sim card masuk bocor ataubukan
221,saki hamsat bramono kata pihak laku periksa awal kait duga bocor data sim card sebut
222,juta data sim card indonesiabocor
223,ragu jumlah miliar data bocor registrasi sim card
224,kemendagri bocor milyaran data sim card bukan daridukcapil
225,kemendagri bocor milyaran data sim card bukan daridukcapil
226,kemendagri bocor milyaran data sim card bukan daridukcapil
227,ragu jumlah miliar data bocor registrasi sim card
228,menteri terang pihak milik kait akun bjorka kait penggal data daftar kartu sim sim card telepon indonesia itu umum kominfo lalu nyata tulis kamis
229,soal duga bocor data sim card telkomsel data simpan sistem internal tetap aman
230,data sim card duga bocor aman akun googlemu sekarang via
231,dpr minta perintah tanggung jawab soal duga miliar data sim card bocor
232,miliar data registrasi sim card duga bocor begini jelas kemendagri
233,penggal data daftar kartu sim bukan menteri menteri komunikasi informatika nyata milik kait akun bjorka kait penggal data daftar kartu sim sim card telepon indonesia
234,data sim card bocor turut kemendagri bukan database duduk nasional prolegal news
235,kemendagri nyata data sim card bocor bukan database duduk lewat
236,miliar data sim card kabar bocor diperjualbelikan
237,hacker nama bjorka jual miliar data daftar sim card telepon seluler indonesia bagaimana cara ecek nomor telepon seluler bobol
238,m data registrasi sim card bocor begini cara cek data bocor
239,data sim card bocor kata dirjen dukcapil kemendagri
240,miliar data sim card indonesia duga bocor begini cara cek aman nomor hp datasimcar indonesia batamnews
241,dukcapil kemendagri bantah bocor miliar data simcard
242,data sim card bocor kemendagri sebut bukan database duduk
243,jelas atur masuk data diri pas beli sim card baru atur perintah iya kalau data dimasukin ada perintah iya masalah baru
244,ragu jumlah miliar data bocor registrasi sim card
245,terus data sim card bocor asal mana
246,data sim card bocor kemendagri sebut bukan database duduk
247,bocor data miliar sim card indonesia banderol bitcoin harga rp juta via com
248,telkomsel tegas mereka bukan jadi sumber duga bocor data miliar sim card telepon seluler juga indosat
249,milyar data registrasi sim card masyarakat tanah air bocor
250,salah pokok rakyat beli handphone beli sim card daftar data diri aktif sim card kita telepati buat komunikasi sama manusia
251,lah trus lama kalau registrasi sim card beri data siapa
252,miliar data registrasi sim card bocor cek nomor sini
253,tuding sumber bocor miliar data registrasi sim card kominfo ban
254,kait berita bocor data sim card telkomsel selaku provider bahwa data diperjualbelikan bukan asal sistem kelola telkomsel
255,kasus bocor data indonesia bulan pln indihome hingga nomor sim card
256,heboh miliar data registrasi sim card bocor pratama persadha rawan untuk tindak jahat
257,respons kemendagri soal data registrasi sim card duga bocor
258,dukcapil kemendagri bantah bocor miliar data sim card
259,milyar data registrasi sim card masyarakat tanah airbocor
260,milyar data registrasi sim card masyarakat tanah airbocor
261,data ukur gb isi banyak miliar data daftar sim card prabayar duga alami bocor jual klaim data dapat kominfo
262,tengah heboh bocor data sim card banyak m mimin bocorin promo royal marelan deh
263,miliar data sim card bocor tanggung jawab siapa uzoneid lifestyle viral
264,menteri komunikasi informatika nyata milik kait akun bjorka kait penggal data daftar kartu sim sim card telepon indonesia
265,duga data sim card bocor telkomsel data langgan jamin aman beritajogja jogja jogjaistimewa
266,miliar data sim card duduk indonesia bocor klik
267,beliau hasil curi juta data ektp kakak lalu registrasi sim card sejak oktober fakta isu bohong
268,tuding sumber bocor milyaran data registrasi sim card menteri kominfo ban
269,pakar sampel data sim card duga bocor valid nomor aktif
270,waduh regristasi sim card data bahkan bocor
271,bocor terus kini miliar data sim card warga indonesia jual pasargelap
272,kominfo terang pihak milik kait akun bjorka kait penggal data daftar kartu sim sim card telepon indonesia
273,kominfo terang pihak milik kait akun bjorka kait penggal data daftar kartu sim sim card telepon indonesia
274,tiap beli sim card baru kita wajib registrasi dulu kan bilang tampung data registrasi kok metode apa laku apa justifikasi orang kominfo capable buat nelusurinnya sih cuma tanya
275,miliar data registrasi sim card masyarakat bocor
276,hai arti lama kalian perintah kumpul data sim card kalian tahu mana data simpan
277,kata pakar soal miliar data registrasi sim card masyarakat tanah air bocor
278,sistem aman kendor miliar data sim card bocor miliar data daftar kartu sim sim card upa nomor induk duduk nik kartu keluarga kakak duga bocor forum hacker
279,kemkominfo terang pihak milik kait akun bjorka kait penggal data daftar kartu sim sim card telepon indonesia
280,buah lapor nyata milyar data registrasi sim card masyarakat tanah air alami bocor salah satu milik indosat ooredoo hutchison
281,waduh miliar data registrasi sim carddicuri
282,miliar data registrasi sim card bocor pakar aman siber bilang begini pakarkeamanansiber pratamapersadha simcard
283,miliar data sim card indonesia didugabocor
284,pakar aman siber data sim card bocor valid
285,respons xl axiata soal duga bocor data daftar sim card
286,duga milyar data registrasi sim card bocor begini jelas pakar kemanansiber
287,gilir duga bocor data kominfo isi miliar data simcard
288,miliar data registrasi sim card duga bocor cara ecek
289,tebak sumber bocor data miliar registrasi sim card
290,miliar data registrasi sim card bocor begini cara ecek nomor hp masih aman tidak
291,kalian sistem aman data nya bagaimana sih kalau gin lebih baik bubar sekali bayangin efek nya buat transaksi uang gila banget sih kalau nomor sim card jebol mobile banking jebol
292,kominfo tanggap kabar bocor miliar data sim card ri kumparanvideo
293,duga data sim card bocor opsel kompak bilang aman
294,waswas jadi korban bocor data sim card cara cek uzoneid lifestyle viral
295,wow milyar data registrasi sim card masyarakat tanah air bocor
296,tetap tanggung jawab pertama wajib daftar sim card guna nik dasar atur menteri kominnfo no tahun operator akses data dukcapil lalu kominfo
297,entah sekarang lebih suka buruburu ban ketimbang selidik lebih jika jadi bocor data daftar sim card prabayar mana kominfo tetap tanggung jawab tidak cuma buang badan
298,data registrasi sim card duga bocor kata telkomsel
299,menteri komunikasi informatika kominfo jelas foto milik kait akun bjorka kait data penggal daftar kartu sim sim card telepon indonesia
300,menteri komunikasi informatika kominfo nyata milik kait akun bjorka kait penggal data daftar kartu sim sim card telepon indonesia
301,askrl milyar data sim card bocor dah pasrah
302,kemkominfo terang pihak milik kait akun bjorka kait penggal data daftar kartu sim sim card telepon indonesia itu umum kominfo lalu nyata tulis kamis
303,sekretaris jenderal menteri kominfo mira tayyiba nyata duga bocor data daftar sim card bukan kominfoengga bukan kominfo format beda
304,telkomsel tepis klaim miliar data sim card bobol uzoneid komunikasi jaring
305,kominfo nyata milik kait akun bjorka kait penggal data daftar kartu sim sim card telepon indonesia
306,data registrasi sim card bocor mana asal
307,kominfo kabar jadi sumber miliar data daftar sim card telepon seluler tiga bumn dua lembaga yang alami duga rupa pekan lalu
308,bocor miliar sim card indosat xl data langgan aman
309,telkomsel tegas miliar data sim card bocor bukan asal sistem kelola telkomsel kumparantech
310,menteri komunikasi informatika nyata milik kait akun bjorka kait penggal data daftar kartu sim sim card telepon indonesia
311,alhamdulillah pernah registrasi sim card pakai data sendiri
312,miliar data sim card indonesia duga bocor jual pasar gelap
313,data miliar sim card indonesia jual bitcoin harga rp juta
314,data sim card indonesia duga bocor begini komentar kemenkominfo
315,data registrasi miliar sim card duga bocor jual rp juta situs
316,miliar data sim card ri duga bocor nik hingga nomor hp
317,miliar data sim card ri duga bocor nik hingga nomorhp
318,miliar data sim card duga bocor registrasi nomor hp aman
319,data registrasi miliar sim card duga bocor jual rp juta situs
320,heboh miliar data daftar sim card telepon seluler indonesia bocor jual internet via
321,benar miliar data sim card bocor bukan situs blokir lama iya johhny johny where are you
322,kalau suka wa yayasan apa jelas kadang dari judi slot gacor alas daftarin sim card pakai nik nokk lacak tipu mudah lebih amaneh nyata bahkan data pribadi bocor tidak jelas
323,miliar data registrasi sim card masyarakat bocor jual forum hacker fakta kumparantech
324,viral data registrasi miliar sim card duga bocor jual rp juta situs lewat online
325,data registrasi miliar sim card duga bocor jual rp juta situs breachedforum kemenkominfo registrasikartusim simcard
326,keri juta data sim card indonesia bocor
327,jadi duga bocor miliar data sim card indonesia
328,jadi duga bocor miliar data sim card indonesia
329,m data sim card bocor lagiiiii ntaaps
330,waspada duga bocor data pribadi jadi di situs breached forum nama bjorka jual data dengan judul indonesia sim card phone number registration billion
331,owala dulu suruh daftarin sim card pakai ktp biar data rakyat dijualjual gin
332,o jancok fo njiat njaluk ndaftar data sim card tibak e kon iki nomer spam bendino isuk iki tok ae wis ping cok jancok des
333,rocob melulu data gilaaa mana data sim card yang biasa buat verifikasi dan otp bahkan jadi aman
334,ngomong-ngomong kalau mau lihat link jual beli data mana iya lumayan jual data milyar sim card indonesia
335,hubung bocor bukan data di urus kominfo juga data kpu indihome lain lagi data menteri hrusnya jadi tanggung jawab bssn yang bnr dong suruh registrasi simcard pke nik no kakak bahkan bilang kominfo punya aplikasi register data sim
336,maaf baru update masaalah data bocor dr kominfo bilang gapunya aplikasi nampung data registrasi sim terus minta buat daftar pakai nik kalau gabisa nyimpen ngamanin data rakyat bubarinkominfo
337,emang nomor telepon pakai passwordyang bocor kan data kartu sim sedang megang data provider keminfo
338,baru indonesia rayain ulang tahun bikin susah warga nya karena bbm naik kasus polri lagi korupsi bansos lagi ulah kominfo soal blokir data sim bocor indonesia gin banget iya aspirasi rakyat mana si didenger bobrok banget iya allah gusti
339,kominfo ngaca woy kerja beres data sim planggan telkomsel bocor ngurusi kosa kata slebew bukan wilayah wilayah mendikbud soal eyd tuntutkominfo
340,respons kominfo kait data sim bocor jadi respons paling pernah w baca
341,dong data sim bocor tanggap
342,pasti data sim bocor bukan
343,miliar data daftar kartu sim telepon indonesia bocor data daftar liput nik nomor telepon nama sedia provider tanggal daftar jual nyata data dapat kominfo
344,buat regulasi daftar data kartu sim telepon kan kominfo data bocor tetap bertanggungjawab aku kalau salah baik buat uu lindung data tuntut banyak pihak
345,kait duga data sim bocor nyata tri kominfo milik aplikasi tampung data sim
346,benar kominfo data sim bocor data duli lindung bocor tidak bocor apa dong
347,milliar data registrasi kartu sim bocor lalu apa fungsi kominfo kalian bayar apa denger denger dulu yang bilang kalau pakai kartu sim jadi lebih aman tipu sms spam lain lalu kalau data sendiri sekarang bocor mana apa aman
