,tweet,tipe
0,saran aktifasi sim card pakai nik hapus krna bahaya soal negara mampu lindung data rakyat nya,0
1,mau kata untuk gambar menteri kerja sim card suruh aktif pakai no nik ktp bocor data nya tpie tidak mau tanggung jawabklo luar negeri mundur,0
2,pakai sim card paksa pakai ktp kkgiliran data bocor tanggung jawabkalau dungu jangan borong saudara laki,0
3,ribut data sim card bocor lah dulu kampus data mahasiswa sera internet lengkap banget itu ditemuin si data dipake buat aplikasi cek nilai anak anak hahahah akhir salah bahkan buat ajang bagus bagus nilai,1
4,jelas bisa ngatasin sendiri data ada perintah nik sim card platform bikin sendiri relatif lebih aman,1
5,kemarin maksa pste privat wajib daftar kata lindung negara masyarakat trssaat hacker geruduk data sim card duduk sm cuma bilang hacker kalau jangan serang pantesan diblg idiot mundur kelen pny mantri hutan lurah gajgn nunggu,0
6,kait soal bocor data sim card harap masyarakat stakeholder saling bahu bahu,2
7,data sim card bocor data customer indihome data pln data pedulilindungi usaha cegah bahkan nyuruh hacker buat jangan ngehack kira perintah isi orang orang bego tuh cuma becandaan tau real anjing,0
8,perintah wajib masyarakat serah data pribadi daftar sim card perintah bisa jamin aman data pribadi tsb benar jadi spti sekarang perintah olah lepas tangan kan idot nama,0
9,gatau mau bicara apa data bocor bahkan bikin narasi warga suruh jaga nik baik padahal tiap register sim card setor data kamu lah sistem kamu kocak gimane coba mana bilang hacker jangan serang njirr stop being an idiot lah ente kadang kadang ente,0
10,kominfo bikin bijak daftar nik sim card tanggung jawab aman data lempar bssn masa iya kominfo pegang data segitu banyak punya teknisi siber buat jaga data masyarakat,0
11,data aktivasi sim card mana servernya,1
12,jamin data internet kan kominfo data nik kakak regist sim card mereka jamin aman iya dia lah protes bukan sekali kali bukan di indihome doang data masyarakat bocor masa iya mau ngomelin satusatu terus kerja kominfo apa,0
13,resistrasi sim card pakai nik kakak data bocor terus kata harus sering ganti password jadi itu pinternya mana,0
14,data sim card uda masuk kakak sama ktp coy nak mental mereka sekarang balas sama hacker wkwkk,0
15,data registrasi sim card bocor data pilih umum bocor sampai sekarang ada satu jabat anak buah pecat bahkan sibuk ngelawak soal otp soal serang siber yang bahkan tunjuk ketidakpahaman soal,0
16,awal suruh masyarakat registrasi sim card kakak ktp jadi bocor data masyarakat salah suruh ganti password tiap tahun bayar pajak pasu parasut badut menteri what a joke,0
17,beli sim card mau pakai regis pakai nik sama nama kakak trus disimpen mana data kalau kominfo aku simpan data tsb parah banget,0
18,bjorka rupa nama akun situs breached jual miliar data sim card telepon seluler masyarakat indonesia serta juta sampel data data bocor liput nik nomor telepon nama sedia layananprovider tanggal daftar,1
19,dpr ri minta tanggung jawab pihak kait bocor data sim card jumlah milyar,1
20,menteri kominfo gandeng badan siber sandi negara bssn dalam kasus duga bocor data sim card kartu sim indonesia,1
21,apa mau harap mereka yang data sim card bobol,0
22,ngomong-ngomong kaya gin tuntut si provide data pribadi karena minta kominfo daftar sim card demikian kominfo ikut provider jamin aman data pribadi eh maling dong tanggung jawab yang jamin aman dong,0
23,langkah tepat ambil tangan kasus bocor data sim card,2
24,semuel simpul data sampel daftar kartu sim sim card telepon indonesia duga bocor sama dapat mirip ratarata hingga persen,2
25,josss kominfo gandeng bssn usut bocor data sim card,1
26,lagi kasus data nik bocor kali kabar data sim card pihak kemenkomnfo harap warga jaga data nik masingmasing ilisteners masihpagipagi,1
27,pesan masyarakat kalau bikin sistem bisa cegah data pribadi bocor data sim card,1
28,plongo plongo kayak tugas partai buat atur sim card pakai data nik tidak bertanggungjawab bocor data nik kerja apa,0
29,atur beli sim card hp pakai ktp kakak mrk bikin sekarang mrk sendiri bingung data tsb bocor jelas lah drama bikin bocor siapa,0
30,dulu wajib daftar nomer sim card no telpon pakai nik sama kakak memcegah spam nyata ini pernah atas mala jadi data bocor jual kalau gin bukan aman bahkan ancam,0
31,soal bocor data kartu sim card nyata hacker jangan anggap pahlawan,1
32,belakang lagi ramai soal data sim card warga bocor situs gelap,1
33,kominfo lepas tanggung jawab buruk pimpin indonesia lepas tanggungjawab cari kambing congek warna hitam data kartu sim card bocor sangkut saling lempar tanggungjawab bubar kominfo kerja ada dan becus makan gajih anjing buta,0
34,miliar data sim card bocor yang urusin bahkan kata slebew hadehh kominfo kominfo,0
35,emaangapa susah sih ngakuin salah terus usaha baik diri rekrut benar ahli bidang nya bicara ngaco bocor data sim card nyuruh regis pakai nik mereka bahkan nyuruh jangan bocorin data nik kemanamana siapaaa yang mau bocorin,0
36,banyak spam panggil masuk bangsat sekali semenjak berita data sim card bocor,0
37,cuma era jokodok ini jadi bocor data enak kalian main lari ini semua kan gara ulah kalian kemarin paksa semua sim card wajib daftar registrasi ulang kartu keluarga kalau blokir nomor ku sampai blokir pas daftar buka blokir nya,0
38,miliar data sim card bocor dari mana iya kan warga cuma jt,1
39,urusin dulu deh aman sistem di negara baru deh blokir blokir masa data sim card bobol,0
40,data sim card bocor menkominpo minta jaga nik sendiri rakyat terus disalahin heuheu hai kamu rakyaaaat sering ganti pasword yaaah jangan sembarang kasih nik,0
41,masyarakat cuman ikut atur kamu buat sekarang bocor data solusi mu mana bahkan balikin masyarakat suruh jaga nik rutin ganti password lah nyuruh daftar sim card pakai nik siapa,0
42,nyuruh registrasi sim card pakai ktp kamu nyuruh nyimpen data nik indonesia kamu trus kalau data bocor pihak tiga kalen nyalahin rakyat tanggung jawab kalen sbg perintah mana kalau bajing jangan nanggung sob,0
43,regitrasi sim card pakai nik kakak kemudian data bocor terus suruh sering ganti password pinter nya mana,0
44,gk manuk akal bang megang data nyalahin rakyat gk jaga data sim card yang cara teknis rakyat gk megang data,0
45,ente politikus apa sih sesuai uu ite penyimoan data lah bartangggung jawabsekarg gin misal tuh sim card pakai registrasi trus kejahata teroris rajalela bisa lacak mau rumah enta kena bom,0
46,dulu janji data aman registrasi sim card,1
47,nyuruh daftar sim card pakai data pribadi siapa tanggung jawab bocor tsbt klu ngak nyuruh ngak mungkin orang mencatumkan data pribadi sim card pihak mungkin bocor mmg tidak ada dapri yang serta,0
48,bbm naik cebongbipang pakai analogi rokok pakai analogi helm vaksin wuhanflu data sim card rampok orang suruh jaga password tiati serang mindless zombies makin massif ganas soksok an mau industri manusia banyak yang gitu,0
49,jaga data sim card bisa jaga data base bisa jaga privasi bisa lah terus komengfo kerja sedang apa ngeblokir doang turu lah kalau gtu tum yang bilang kalau bilang isu bohong iya isu bohong bnr sih,0
50,kasus brigadir sisui lanjut kok data sim card nik konoha bocor cuawww udang balik batu ckkkkk ramai bersihdulu lalai sedikit yang baru xixixixi canda kok ada kabar eksekusi sih amplop iya kenal tegas kok,0
51,padahal masyarakat indonesia punya pikir menteri depkominfo lembaga percaya punya mampu cegah jadi bocor data duduk negeri dulu minta registrasi kartu sim card masyarakat jamin aman data sekarang,1
52,nik masyarakat indonesia kan simpan servernya kasih akses provider validasi data lalu daftar sim card baru nah data bocor lalu nyalahin itu data simpan bawah bantal kan,0
53,masyarakat suruh ganti password masyarakat wajib registrasi sim card data nyimpan perintah data bocor data semua operator seluler indonesia jadi bocor data simpan,0
54,kok m data sim card bocor gitu nyalahin masyarakat lalai terus kamu gaji apa,0
55,benar sim card perlu pakai data diri bahkan paksa pas bocor cuci tanganoperator sim card belike sue kominvo sue pak yu ngoahahahahahah,0
56,milyar data pribadi sim card duga bocor menteri ngomongnya nyambung kapan mundur pak menteri mau data valid inti kalau ada bocor bukan salah masyarakat salah regulator,0
57,nonton kompastv data sim card bocor jahat kelamin mentr wifi rumah harus sering ganti tidak mudah bobol laaah acara stand up sore iya,0
58,kalau ngk simpan data registrasi sedang apa kamu minta wajib regestrasi sim card bambang,0
59,hehehe soal wajib isi data sim card pakai nik siapa keminfo kan jelas sekarang keminfo suruh hati nik sering ganti password kata data sim jual online tidak kait change password oknum,0
60,isi sim card pakai nik wajib bocor data keminfo siapa tanggungjawab iya keminfo dong kalau kait bocor data jual online tidak ada kait change password bozz itu oknum tanggungjawab keminfo tangkap,0
61,data sim card bocor kata kominfo semua operator kok dulu ada standar aman data publik apa bagaimana kok semua kena hack waktu sama negara apa ini,0
62,sebentar kan bocor data ktpkk di cantum regis sim card terus korelasi password apa kita beri password rutin ganti gitu ktpkk,0
63,jadi laku apa gk perlu kaget jual beli data bnyak dark web wajib registrasi bocor mana lucu paling bnyak bocor sim card telkomsel plat merah bukan,0
64,miliar data sim card bocor salah siapa,1
65,si latar belakang apa sih kok orang sprt kasi jabat dr dulu daftarin sim card g pakai nik baru sekarang bocor pegang semua data kan pas bocor bahkan olah masyarakat salah cacat akal kamu jon,0
66,terus situ kerja sedang apa dong kemarin soksokan blockir paypal etc sekarang kok bisabisanya data sim card rakyat bocor public,0
67,tidak tanggung jawab data sim card bocor olah penghianat,0
68,sangat lucu pak johnny waktu registrasi sim card kan minta nik pihak kominfo harus jaga data kan bocor kominfo mundur pak kominfo kalau responnya seperti tahu mesti bagaimana selain nyalain rakyat,0
69,kominfo hacker curi data sim card pidana entryurl,1
70,jaga data pribadi sekarang apa regist mesti pakai data pribadi mulai sim card anda usung iki pie,0
71,memang tahu kalau nik sudah curi orang blom nya sudah jaga maksimal mungkin segala di negri regis minta data nik no hp sperti vaksin sim card hp lain,1
72,bagaimana pak soal bocor data sim card milyard butuh berapa minggu tuh data download,1
73,nb bocor data ktp kakak masuk sim card bagaimana mau rutin ganti,0
74,wkwk baru kemarin baca reply orang soal bocor data kalau password suruh ganti kala jatuh kominfo lepas tangan nah sekarang bocor sim card wicis kena ktp kakak trus ganti ktp kakak cara kala wkwk sad banget sama kominfo,0
75,tolol kalian kominfo bertanggungjawab data sim card bocor kominfo buat atur semua selular harus daftar nik,0
76,kalau bisa jaga data akhir bahkan bocor kaya gitu lebih baik dulu sim card perlu registrasi nik anjer,0
77,kalau becus jaga aman data rakyat apa masyarakat suruh isi nik sim card terus apa kerja menkominfo lama seriusnanya,0
78,data sim card bocor tuh prof,1
79,simcardbocor kabar bocor miliar data sim card kartu sim buat gaduh tanah air data duga jual salah satu oknum pasar gelap,1
80,saran rakyat usai bocor data sim card kominfo mundur,0
81,bagaimana mau jagainpakorang mau aktifin sim card minta data nik,0
82,uda jaga spenuh hati nik pak sperti anak sendiri tuh kakak bungkus kertas kado daftar sim card make nik kakak data sim cardnya bocor saya ngejaganya bagaimana,0
83,privacy orang sebar bocor juta data mau salah daftar sim card pakai nik gilir bocor pura bodoh bbm naik harga minyak dunia turun negara tetangga nurunin harga bbm eh negri wakanda bahkan naik tidak mau salah haram pdip,0
84,eh dongdot regist sim card kan kamu suruh pakai data diri sempak,0
85,atur tri tri kadang kadang sengklek regis sim card pakai nik data nik bocor melulu blokir blokir website gajelas pajak naek pungut buat ekspor sawit dibebasin kpk rombak pimpin bahkan langgar kode etikbanyak lagi deh contoh,0
86,menteri pernah benar ngomongnya nemu pasar malam kali iya kan data bocor gara gara registrasi sim card kominfo yang urus bukan nyalahin orang,0
87,kontol rakyat paksa wajib registrasi sim card pakai nik no kakak nyata nya kalian bisa jaga data aman bangsat,0
88,cegah inflasi luhut imbau tanam cabai sendiri data sim card bocor johnny plate sebut masyarakat jaga nik sendirisendiri tri males kerja lbh baik mundur,0
89,yang nyuruh registrasi sim card pke nik sama kakak trus bocor data eh bahkan rakyat suruh jaga nik masing sadar apa orang ngomongkoyo as ae,0
90,bebelaguan sim card pakai ktp jaga data orang bocor terus,0
91,ku kata kasar keluar isi kebon binatang sim card semua nik nmer kakak allahu akbar data serah perintah trus kita juga mesti jaga,0
92,lah menkominfo bagaimana kelola data sim card memang siapa,0
93,data sim card bocor kok suruh jaga kalau suruh jaga data sejak awal gk mungkin tuju daftar pakai nik,0
94,data bocor milyar lebih duduk indonesia punya sim card tidak nyampe milyar lebih kalau emang bocor giat pribadi semua orang indonesia bodoh gitu arti,0
95,sim card bocor garagara kamu kan dulu suruh daftar sim card pakai nik sekarang bahkan semua bocor data jual lalu darkweb salah siapa kok bahkan yang suruh jaga,0
96,data sim card beneran bocor iya,1
97,iya kalau gitu kamu gausah minta nik registrasi sim card pakai nik gilir data bocor minta masyarakat jaga nik sendiri kocak kamu boomer macam gitu kok sih posisi situ heran,0
98,bukan kemarin yang suruh registrasi sim card pakai data niksama no kakak,1
99,kurang ajar apa kamu yang nyuruh beli sim card pakai nik eh kamu yang bisa jaga data aman,0
100,eh data sim card bocor tuh cek mana anying baru sadar ramai bocor data kemarin yang daftarin no wa ke wa business helpp,1
101,pakai sim card verifikasi data nik kalau isi salah langsung keluar nyata nik salah,1
102,buset kemarin data user indirumah bocor sekarang sim card,0
103,masyarakat minta menkominfo mundur jabat tidak mampu jaga data sim card masyarakat bocor,0
104,jaga gimna si buset deh emang rakyat biasa kaya punya kuasa atas lindung data minta perintah kan minta registrasi sim card perintah masa kita ngejaga paling kitamah cuma bisa mecegah tidak regist apa yang minta nomor nik,0
105,lalu menkominfo tuh apa nyuruh masyarakat jaga nik nya iya jaga datadata ttp aman lah situ minta registrasi sim card make nik,0
106,tahu bocor data sim card saat pindah platform starlink spacex,0
107,data sim card indonesia bocor disalahin masyarakat gabisa jaga nik diri sendiri jadi yang bodoh siapa sih herman,0
108,banyak kasih data regis sim card percaya bakal blokir yang nurut,0
109,tuh kata data sim card bocor min sapa dong tanggungjawab,0
110,kominfo sendiri milik alat mesin tampung data nik nomor hp macam cium indikasi cuci tangan bocor data efek register sim card rupa produk hukum kominfo asu deh lah,0
111,bodoh si piring eh plate gk ads hubung password data sim card kan kamu perintah daftar sim card ktp kakak,0
112,maksa buat integrasi nik sm nomor hp kalau sim card gabisa dipake siapa sih kalau bukan kominfo tukang jual data data centrenya ada security gampang jebol siapa kominfo lah,0
113,orangorang ribut soal bocor data registrasi sim card pakai nik untung dulu tidak pernah registrasi sim card pakai nik sendiri sudah curiga suatu pasti dibocorin at least pakai sembarang,0
114,data sim card nya mana security systemnya bagaimana nyata kes masyakarat salah trus solusi ganti password cara kala tutup ketidakmampuankah,0
115,data dikasiin waktu daftar sim card bagaimana pakein paswordnya somplakk,0
116,jaga nik sendiribkn data simpan baik milik nya lalu orang suruh daftar itu pakai app sim cardlalu disalain kokaneh iya ruwetneisa gk bilang bocor mau buat suara kelak siapa mau pilih umum bohong,0
117,register sim card guna kakak bukankah bijak kemkominfo sekarang data jebol kamu bicara itu,0
118,duluuurakyat teriak perintah minta kkktp tuk urus apapunkhususnya beli kartu sim card barutmasuk urus e ktpkk cara online tidak gubrisspi hari aplikasi aplikasi resmi perintah minta nik ingat nanti data bocor bagaimana,0
119,lah yang bikin atur pakai sim card pakai nik kok bahkan bilang jangan beri sembarang kalau bisa jaga data nik tahu bagaimana make data sim card iya gk perlu bikin atur segala macam data pribadi bocor no hp bodong judi online tipu bebas liar,0
120,lah data nik kamu suruh daftarin pakai sim card tolo,0
121,lbp cegah inflasi minta warga budidaya ayam cabai rumah jplate data sim card bocor masyarakat jaga nik masing masing,1
122,data registrasi sim card passwordnya data bpjs passwordnya menteri asal cuap aje,0
123,asu kamu kominfo kamu bikin atur registrasi sim card sesuai ktp kakak anjing kamu ada tanggung jawab atur kamu buat dalih punya aplikasi tampung data dana perintah kamu buat foyafoya sama judi iya pantek kamu kominfo,0
124,data sim card bocor bukan kominfo,2
125,data diri suruh didaftarin wajib pas bikin sim card ehhh jadi data retas disalahin bahkan jadi buat apa ngarepin kmnfo,0
126,slebew urus data sim card no bocor,0
127,gausah ngurusin soal slebew ajg noh data sim card bocor bahkan tuduh an sama operator bobrok otak nya,0
128,anggota dpr kritis hadap bocor data registrasi sim card cuma pks doang please lah iya masa aku simpati sama pks kali partai kok banci semua sih,0
129,rugi masyarakat masa sih masyarakat apa rugi bocor data duduk kalian aktif sim card minta nama nik tempat tanggal lahir alamat no kakak data sebut lho tahu nama ibu kandung bisa di,0
130,kalau lihat bocor jadi panjang tahun semua tengara jadi basis data sedia jasa sebut pln indihome pada sistem daftar sim card telepon seluler percaya semua punya iso pasti adminnya rutin ganti password,2
131,daftar jadi anggota partai politik data bocor lewat sim card terus suruh jaga nik sendiri iya deh capek,0
132,plr bocor tuh data registrasi sim card tot,0
133,bbm naik data sim card bocor hufff,0
134,njaga nik ki pye carane wong regiatrasi sing anggo nik arang cacahe sing jelas registrasi sim card anggo nik data sim card iya sopo sing nyekel cobo,0
135,kamu suruh daftar sim card tidak mampu jaga rahasia pusing lihat laku pasu parasut bantu rezim sangat bahaya hidup masyarakat bocor data pribadi rakyat,0
136,pak harus daftar sim card pakai nik kakak ktp siapa kan kok bapak punya statement yang bobol data sekarang yang suruh jaga bagaimana maksud,0
137,ngeri ah data sim card bocor,0
138,wow keren si laku pemobolan data sim card terimakasih data bocor saya sangat tuju apabila hastag tuntutkominfo realisasi cepat,0
139,padahal kalau curi database sim card kemarin jadi benar ikut daftar pakai nik counter hape sistem pooling bikin yang nyuri data jadi bingung satu nik kok puluh ratus nomor hp data jadi garbage bisa pakai buat targeting spam,0
140,perlu kalian tahu bahaya dapat timbul data sim card bocor upa penyalahgunaan nomor induk duduk nik nomor kartu keluarga kakak telah daftar ketika laku registrasi kartu prabayar,0
141,bbm bocor data sim card naik hari merdeka jogetjoget saksi masyarakat kurang mampu mau jadi apa duduk bangladesh,0
142,eh bagaimana pak bagaimana kan waktu bapak keluar bijak soal daftar sim card data diri nik jenis kok sekarang kesan lempar batu sembunyi tangan iya tahu ah gelap,0
143,perintah ada solusi aman data kelas sim card jangan data duduk mana in my humble opinion,0
144,bocor data sim card bahkan rakyat suruh jaga nik benar ruwet,0
145,lanjut apa kominfo kalau milyar data user sim card bocor wkwk,0
146,bbm naik data nik sim card bocor drama fs makin banyak episod korupsi bos duta palma t lebih kata nya rakyat minta presiden periode,0
147,buat tidak lihat gambar jadi alas kasus sambo ulang tv terus karena data kalian indihome data nik kakak buat registrasi semua jenis sim card tahun bocor makan tuh drama sambo,0
148,data sim card bocor bukan kominfo,2
149,beberapa hari lalu hape hilang tuntut kerja butuh komunikasi sama orang tua jadi beli hape baru lalu cari sim card kok aneh kata konter perlu regristrasi mungkin data regristrasi ada sim card bocor tuntutkominfo,0
150,wahh parah sih kayak dampak bocor data langgan sim card,0
151,milyar data registrasi sim card bocor bagaimana sihtgjawab dong menteri nya dulu menteri sempat asai kadrun jaman sibeye kan jangan jangan,0
152,banyak jadi bocor data bagaimana tanggung jawab regulator soal data registrasi sim card mana dulu kata jamin rahasia data pribadi registrasi kartu prabayar bagaimana tanggung jawab hadap rakyat tuntutkominfo,0
153,data registrasi sim card bocor juga sih data no hp simpan plaintext kan salah level amatir sekali data sensitif simpan terenkrip cara teknikal sebut saltinghashing kayak nyimpan password db gaboleh plaintext,0
154,lah kalau ngk punya alat simpan data registrasi sedang apa kamu minta regestrasi sim card bambang,0
155,semua sim card di register bagai alas aman nyaman tapi kok bahkan data bocor tuntutkominfo tuntutkominfo,0
156,tri isi dongo semua bikin gaduh doang data regist sim card bocor,0
157,iya mulai sekarang perlu pakai data komplit di sim card ribet pakai kakak segala,0
158,poin pertama maksud bagaimana deh kalau bukan kominfo nyimpen terus lama data registrasi sim card disimpen siapa disimpen mana masa kesimpen konter hp masing masing,0
159,nyuruh register kalian punya no kalian trus data registrasi sim card bocor aku nya bukan salah kalian tri apa tukang odong otak jangan taroh dengkul,0
160,data registrasi sim card punya kominfo bisa bocor adik,0
161,bocor data registrasi sim card urusin woy,0
162,paksa serah data pribadi aktivasi sim card ketika data bocor diperjualbelikan ramai sangkal bilang bertanggungjawab mau koplak tuntutkominfo tuntutkominfo,0
163,kasus bocor data nik kakak buat regis sim card sudah prediksi sejak saya lihat sendiri betapa kompeten pingpong banget orang perintah kolega urus bap buat benerin nama paspor tidak jelas alur cara tulis apa serba lisan,0
164,naik harga bbm bukan salah perintah bocor data registrasi sim card bukan salah perintah pasal perintah pernah salah pasal salah perintah buah salah,0
165,kayak bisa sih cuma tahu kapan soal data sim card wni ini bocor jual,0
166,hidup susah sering overthinking tambah berita bocor data sim card gatau deh,0
167,kasus sambo kan mkn drama yasaatnya aware sama kasus tutup kaya korupsi duta palma tni mutilasi warga sipil papua sama data sim card yang bocor wakwakwak sedih yak wakanda busuk benar iya allah,0
168,kumpul data kait registrasi sim card arah kominfo kok lepas tangan kalau gitu kominfo salahin operator ruwetnesia,0
169,unggah bjorka klaim milik data registrasi kartu sim banyak gb data sim card liput nomor induk duduk nik nomor telepon operator seluler tanggal guna,1
170,dari telusur bisnis kamis data duga bocor sebut rupa hasil registrasi ulang sim card unggah buah akun nama bjorka forum breachedto,1
171,kemenkominfo akhir buka suara kait duga bocor data daftar registrasi miliar data sim card indonesia jual belikan situs hacker terang resmi kemenkominfo kata laku telusur internal kait lapor sebut,1
172,apa sih tidak bocor dana apbn bisa bocor cuma data sim card,0
173,data ktp wes bocor data sim card iya wes bocor kari crisscross data iku ae lek kate nyilih data e wong kerja pinjol lek misal data e wes bocor sak nama gadis ibu buyar duikmu ndek bank isok amblas eh bijim kan kakak sudah bocor yah pin ojo lali ganti el,0
174,salah rakyat punya handphone beli sim card daftar data diri aktif sim card,0
175,tuju kominfo ngumpulin data sim card dulu buat apa dong kalau databasenya tidak kelola sendir tidak pakai buat ngelawan hacker spamming janji dulu lalu apa,0
176,kemarin ramai data kominfo sim card bocor lah lama pada mana ajaa emang udh bocor duluu kali kamu kira tipu suka telepon buat beri hadiah shpee tokopaedi telkmsel dapat nmor orang mana iya bocor data sim card lah,0
177,kini akun nama bjorka duga jual data judul indonesia sim card phone number registration billion situs breached forum,1
178,lalu menkominfo terap atur daftar registrasi kartu sim sim card data duduk atur implementasi harap tekan angka jahat siber sasar telepon seluler pintar baik upa phising maupun scamming,2
179,arti data saat registrasi sim card simpan siapa,1
180,salah satu skenario jahat bisa pakai data register no hp sim card baru register rekening onlinewallet pakai rekening tsb tampung dana jahat misal curi tipu scam lain,1
181,jelang pilpres data registrasi sim card bocor siapa tanggung jawab,1
182,moga salah baca berita nya salah kalau bukan pihak simpan data register sim card sebg pihak paling berhakberwenang trus buat apa register sim card balik dengan tidak perlu daftar,0
183,hari lagi ramai berita soal data sim card bocor eh tautau nomor telkomsel yang pakai cuma buat isi kuota internetnya doang sms tipu nomor antah antah susah payah jaga privasi sendiri bahkan dibocorin orang laen,0
184,data sim card bocor adalah data yang daftar nah harap alas pse desak daftar bukan ini kan daftarkenakgakdaftarkenak,0
185,bung henry kemarin bain kominfo mati soal pse sekarang kok mingkem edar bocor data sim card rakyat indonesia bukankah wewenang kominfo jaga data digital rakyat ayo bung keluar narasi kemarin bela pse,0
186,data sim card menteri kamu bocor just ingfo,1
187,cerita sih data nomber sim card data ktp sebar,1
188,jadi siapa dong nyimpan data registrasi sim card,1
189,banyak masuk wa sms tipu yaa arti emg data sim card bocor pernah jadi tipu mengatasnamakan bank a sedang aku punya rek apa trus aku tanya dapetin no aku mana eh jawab,1
190,m sim card bukan m orang tiap bulan bisa kali ganti sim card kalau beli nya kartu data tinggal regunreg,1
191,jadi hari data privasi warga negara jadi barang dagang ada lindung jelas pasti entah obsesi apa masuk nik sim card bila ada lindung kalau mau bangun sistem bagus one card one data terus pakai lindung tinggi,0
192,kerja benerplis pak joni jangan lupa panggil iya sidang tuh data sim card bocor,0
193,iya kali data bocor data registrasi sim card banyak milyar jual forum jual beli harga sangat murah databocor,1
194,bukan kominfo format beda iya format beda konten sama alias benar data sim card,1
195,regis sim card gausa pakai nik nama jadi jelek bank grgr ade pakai pinjol penanggungjawabnya gatau bagaimana cara data diri bisa lacak sm pinjol tagih pdhl minjem bukan atas nama,0
196,awal bulan ceria harga bbm tidak ceria biasa nya tambah data sim card bocor curi sama hacker entah hacker nya jago kominfo yang gobloq,0
197,halah banyak bicara min noh data user sim card kena bobol cuk mana situ data nik,0
198,bocor data sim card negeri wakanda kalau valid sangat bahaya bisa untuk bajak bagai aplikasi this is huge be careful teman,0
199,syarat nik buat pakai sim card wajib ajar sih turut salah tidak siap aman data sesuai,1
200,rata skrang orang milik hp tiap hp isi sim card batas registrasi kan per nikkk digunain daftarin sim jadi per orang punya hp data registrasi sim,1
201,sebentar ada headline kominfo kabar data sim card bocor isu bohong,1
202,sim card data dibreached data tulis gg lambat banget sering terima sms undi untung tempat tinggal engga begini,1
203,data warga negara njir data sim card telepon seluler indonesia imbas nya apa bayangin dana kamu tahu habis gara login pakai kode otp yang masuk pakai data sim card kamu sudah level bahaya,0
204,saudara laki pliss angkat kalau emang benar imbas besar loh aman data banyak orang bobol hacker tahu data sim card dan guna buat mudah ambil alih kode otp harus pegang hpnya korban correct me if i m wrong,0
205,gandeng badan siber sandi negara bssn dalam kasus duga bocor data sim card kartu sim indonesia,2
206,enak iya ngomonya bukan tugas kominfo data bocor lah terus waktu kemarin nyuruh isi nik sim card siapa bukan dr kominfo wis lah sakarepmu,0
207,terus kominfo tugas apa kok data sim card bocor mau ngurusin kan tanggungjawab kominfo hayo dulu bikin atur tiap sim card wajib daftar pakai nik siapa hayo kalau bukan kominfo kalau data sim card rakyat bocor iya harus tanggungjawab bikin atur,0
208,simpul data sampel daftar kartu sim sim card telepon indonesia duga bocor sama dapat mirip ratarata hingga persen,1
209,milyaran data bocor laku kominfo minta jaga nik masing minta rajin ganti password himbau pse pakai enskripsi situs judi online daftar pse data kartu sim bocor bukan kemenkominfo minta pasu parasut hacker jangan serang pak plate brilian,0
210,data registrasi sim card bocor bocor bukan kami data pilih bocor tanya instansi belah nice informasi juragan memang cocok nama kominfo,0
211,miliar data sim card indonesia duga bocor tanggap kominfo,1
212,tengah tolak lawan naik bbm publik kejut data bocor m data kartu sim j data langgan indihome j langgan pln j data pilih kominfo malu tri sakit gigibyk plak so banyak komen tumben cerdas niihh,0
213,hasil kominfo simpul data sampel daftar kartu sim sim card telepon indonesia duga bocor sama dapat mirip ratarata hingga persen,1
214,kait duga bocor miliar data sim card bocor kominfo panggil ahli semua operator seluer dukcapil kemendagri ahli siber ditjen selenggara pos informatika,1
215,turut kaji kominfo data sampel miliar data sim card telepon seluler duga bocor valid kominfo nyata ini rupa salah selenggara pihak kelola dukcapil kominfo operator seluler,1
216,si hacker inisial b balas dendam kominfo stop jadi orang g bagaimana kasi ini seluruh masyarakat indonesia jadi korban data sim card bocor ulah si hacker,0
217,populer banyak miliar data registrasi kartu sim prabayar duga bocor telusur kominfo sebut data bocor sama persis milik beberapa mirip kominfo investigasi kasus sama dukcapil,1
218,data sim bocor netizen geram kominfo bahkan emis hacker janganmenyerang,1
219,beda kominfo pakar sebut data daftar kartu sim bocor valid,1
220,beda kominfo pakar sebut data daftar kartu sim bocor valid,1
221,wow miliar data sim card masyarakat indonesia bocor apa langkah cegah minta hacker jangan nyerangaplause,0
222,data sim card bocor bukan kominfo,2
223,bahwa data sim card bocor bukan,2
224,populer kominfo lontar pesan hacker bjorka rupa per utama data registrasi sim card duga bocor mana jumlah hingga miliar,1
225,data registrasi sim prabayar duga bocor kominfo dukcapil operator kompak elak halaman all kompas opsitek,1
226,data registrasi sim prabayar duga bocor kominfo dukcapil operator kompak elak halaman all kompas opsitek,1
227,kominfo mau beli data sim bocor kasih pesan hacker cnn indonesia opsitek,1
228,ungkap pakar aman siber sebut data daftar sim bocor persen valid beda dengankominfo,1
229,kominfo dukcapil operator saling bantah duga data registrasi sim bocor tempografis,1
230,guna telepon seluler kominfo kini salah operator kasus data sim card bocor,1
231,guna telepon seluler kominfo kini salah operator kasus data sim card bocor,1
232,data sim card bocor bukan,2
233,data sim card bocor bukan,2
234,kominfo mau beli data sim bocor kasih pesan hacker,1
235,mulia aplikasi pedulilindungi pste publik ditempelin banner hacker segan woyy hackerplissss deh jangan serang iya kalau bolakbalik data pribadi bocor trmsk miliar data kartu registrasi sim prabayar bocor,0
236,miliar data sim duga bocor pesan kominfo hacker kalau jangan serang,0
237,banyak miliar data registrasi kartu sim prabayar duga bocor telusur kominfo sebut data bocor sama persis milik beberapa mirip kominfo investigasi kasus sama dukcapil operator selu,1
238,kominfo nilai kes lepas tangan kait miliar data kartu sim bocor,0
239,beda kominfo pakar sebut data kartu sim bocor valid,1
240,hacker sebut kominfo milyar data kartu sim seluler indonesia bocor,1
241,data sim card bocor media main blender menkominfo johnny g plate dibuli warganet rekam tahu bila lebih dulu beri jawab bocor milyar data registrasi sim card prabayar,1
242,data sim card bocor kominfo desak kemendagri audit dukcapil datasim bocor kemendagri kominfo,1
243,kominfo mau beli data sim bocor kasih pesan hacker,1
244,duga miliar data kartu sim bocor kominfo lakukaninvestigasi,1
245,kait duga data sim bocor kominfo menteri kominfo punya aplikasi tampung data sim,1
246,banyak miliar data registrasi kartu sim prabayar duga bocor telusur kominfo sebut data bocor sama persis milik beberapa mirip kominfo investigasi kasus sama dukcapil operator,1
247,geger miliar data kartu sim telepon indonesia duga bocor jual sebut dari kominfo,1
248,ngaco jelas kominfo tahun maksa registrasi sim card pakai nik eh masyarakat jaga nik data sim card bocor johnny plate sebut masyarakat harus jaga nik masingmasing,0
249,data sim card bocor bukan kominfo,2
250,data sim card bocor media main blender menkominfo johnny g plate dibuli warganet,0
251,miliar data sim card bocor elite jabat kominfo bilang begini,1
252,kominfo minta opsel dukcapil duga data sim bocor,1
253,kominfo aku mirip data sim card nik bocor perlindungandatapribadi pejabatperlindungandata kedaulatandigital breachedto,1
254,kominfo lontar pesan hacker bjorka rupa per utama data registrasi sim card duga bocor mana jumlah hingga miliar,1
255,soal data nik sim card bocor kominfo aku adakemiripan,1
256,kominfo panggil seluruh operator seluler telkomsel indosat hingga xl axiata soal miliar data sim card telepon seluler duga bocor apa hasil,1
257,kominfo sebut data kartu sim bocor mirip data asli,1
258,miliar data sim card bocor ikut kata kominfo,1
259,kominfo temu pihak operator seluler kait data registrasi sim prabayar bocor dalam mungkin bocor sisi operator,1
260,data sim card bocor kominfo persen nik cocok uzoneid lifestyle viral,1
261,kominfo temu pihak operator seluler kait data registrasi sim prabayar bocor dalam mungkin bocor sisi operator,1
262,kominfo juga blokir situs gelap usai bocor data sim card,1
263,data registrasi sim card bocor kominfo sebut pegang data agregat,1
264,miliar data sim card bocor kominfo boleh salahsalahan semenjak kominfo handle johny gerard beberapa kali kontroversi jadi dihandle bukan ahli menteri bukan ahli agama didik bumn uang,0
265,miliar data daftar kartu sim bocor kominfo minta jangan anggap hacker pahlawan celebritiesdotid infocelebterkini,1
266,data sim card satu negara bocor negara tingkat aman tidak mudah bobol kominfo gonta ganti password,0
267,data sim card bocor media main blender menkominfo johnny g plate dibuli warganet,0
268,sampel juta data sim card duga bocor kominfo ada nomor tempotekno,1
269,data bocor kominfo upa miliar sim card telepon indonesia duga asal data registrasi nomor telepon seluler tempotekno,1
270,data registrasi sim card duga bocor kominfo bakal laku investigasi kominfo,1
271,kominfo temu pihak operator seluler kait data registrasi sim prabayar bocor dalam mungkin bocor sisi operator,1
272,data sim card bocor kominfo hacker bukan pahlawan,1
273,bocor data sim card kominfo aku persen data nikcocok,1
274,data rakyat bocor lewat sim card aman rakyat lindung serbaserbi mmc miliar data daftar kartu sim alami bocor forum pasar gelap kominfo tampik klaim bocor data asal internal menteri bagaimana islam,1
275,miliar data sim card hp duga bocor kata kominfo,1
276,kominfo soal data registrasi sim card bocor investigasi sumber,1
277,kominfo aku sekitar sampel miliar data sim card duga bocor nyata valid bagaimana nasib,1
278,kominfo soal data registrasi sim card bocor investigasi sumber,1
279,data sim card bocor yuk cek punya kamu aman simcard kominfo hacker,1
280,bocor data sim card kominfo aku persen data nik cocok,1
281,banyak m data registrasi kartu sim isi nik no telepon operator seluler tanggal guna duga bocor diperjualbelikan situs gelap pesan menkominfo jaga nik selalu ganti pasword gaji rakyat buat nyusahin rakyat,0
282,bocor data sim card kominfo aku persen data nik cocok,1
283,bocor data sim card kominfo aku persen data nikcocok,1
284,apa langkah akan laku kominfo apa benar miliar data kartu sim bocor saksi jawab live report kumpar kumparantech,1
285,awas miliar data sim card bocor kominfo bilang bolehsalahsalahan,1
286,terima kasih loh yaa pak tri kominfo semenjak pse data sim card banyak bocor tipu makin depan prestasi perlu apresiasi loh hebat loh jembatan tipu awal pakai cara jaman dulu via sms alih yang lebih canggih,0
287,semenjak pse data sim card banyak bocor ucap terima kasih kominfo terima kasih beri akses tipu hacker tipu biasa suka muncul chat sms sekarang alih yang lebih canggih chat whatsapp berkat si paling,0
288,bocor data registrasi sim card ngelesnya otp jokosembung percumaadakominfo cegah bocor data menkominfo minta masyarakat jaga nik selalu ganti password,0
289,random news tuding jadi miliar data sim card bocor kominfo tidak punya aplikasi tampung data registrasi komp,1
290,kominfo data sim card bocor bukan dr kominfo,2
291,data rakyat bocor lewat sim card aman rakyat lindung serbaserbi mmc miliar data daftar kartu sim alami bocor forum pasar gelap kominfo tampik klaim bocor data asal internal menteri,1
292,pakar kritik kominfo tidak jawab sumber data sim card bocor tempobisnis,1
293,miliar data sim card bocor kominfo bolehsalahsalahan,1
294,data sim card bocor menteri kominfo salah masyarakat jaga nik masingmasing,0
295,data sim card bocor menteri kominfo salah masyarakat jaga nik masingmasing,0
296,kominfo kena bully netizen miliar data kartu sim telepon indonesia bocor bekas bekasikinian,1
297,miliar data sim card bocor kominfo boleh salahsalahan tempobisnis,1
298,paling gampang mah ngelesss coba investigasi pihak luar tuding jadi miliar data quotsim cardquot bocor kominfo tidak punya aplikasi tampung data registrasi klik baca,0
299,tuding jadi miliar data sim card bocor kominfo tidak punya aplikasi tampung data registrasi halaman all kompas opsitek,1
300,tuding jadi miliar data quotsim cardquot bocor kominfo tidak punya aplikasi tampung data registrasi klik baca,1
301,gugat adil miliar data sim card indonesia bocor kominfo desak minta maaf,0
302,telusur sudah laku kemkominfo data sim card bocor bukan kominfo,2
303,masyarakat tahu benar kena duga data sim bocor menteri kominfo punya aplikasi tampung data sim,2
304,kominfo drpd blokar blokir mending ngurusin data sim card bocor deh tuh,0
305,kominfo selidik viralnya miliar data sim card duga bocor jual pasargelap,1
306,data rakyat bocor lewat sim card aman rakyat lindung serbaserbi mmc miliar data daftar kartu sim alami bocor forum pasar gelap kominfo tampik klaim bocor data asal internal menteri,1
307,kan kamu minta orang daftar sim card pakai nik trus sekarang data bocor suruh jaga sendiri jaga bagaimana bambang eh maaf joni klaim kan jelas data dari kominfo,0
308,lha data register sim card duga milik kominfo bocor kok bahkan rakyat patuh ikut regulasi register sim card nik salah pres kalau meter cukup kapasitas pilih jadi jaka sembung bawa golok,0
309,pak kalau bocor data nik daftar sim card bagaimana terus kalau bocor data pel bagaimana awal selalu tanya bagaimana proses mitigasi bocor data pribadi pak makanya pak cari bajer jangan tulalit gilir gin kicep,0
310,miliar data sim card indonesia bocor kominfo desak minta maaf,1
311,data rakyat bocor lewat sim card aman rakyat lindung serbaserbi mmc miliar data daftar kartu sim alami bocor forum pasar gelap kominfo tampik klaim bocor data asal internal menteri,1
312,hastag tuntut kominfo trend topic garagara m data pribadi sim card bocor jual internet,1
313,data rakyat bocor lewat sim card aman rakyat lindung serbaserbi mmc miliar data daftar kartu sim alami bocor forum pasar gelap kominfo tampik klaim bocor data asal internal menteri,1
314,heboh bocor data sim card satu contoh cerita ingat bahwa bocor data melulu urus kominfo pse ikut bertanggungjawab tidak data bocor,2
315,hashtag tuntut kominfo trend topic garagara m data pribadi sim card bocor jual internet beritaislam,1
316,data sim card bocor bukan kominfo,2
317,data sim card bocor bukan kominfo narasi terjun bebas perlu masyarakat tahu beberapa poin penting kait isu bocor data kali,2
318,kominfo selidik viral miliar data sim card duga bocor jual pasar gelap lewat online,1
319,miliar data sim card duga bocor kominfo tidak punya aplikasi tampung data registrasi,1
320,data sim card bocor bukan kominfo narasi terjun bebas perlu masyarakat tahu beberapa poin penting kait isu bocor data kali simak yukz,2
321,hashtag tuntut kominfo trend topic garagara m data pribadi sim card bocor jual internet tuntutkominfo,1
322,video data registrasi kartu sim duga bocor kominfo bantah tuding,1
323,hastag tuntut kominfo trend topic garagara m data pribadi sim card bocor jual internet,1
324,data sim card bocor bukan data bocor dalam ada nik nomor telepon seluler padahal program registrasi sim card pernah beberapa waktu lalu laku kominfo perlu data kartu keluarga kakak,2
325,data sim card bocor bukan kominfo milik aplikasi tampung data registrasi prabayar pascabayar,2
326,data sim card bocor bukan kominfo milik kait akun bjorka telkomsel selaku provider bahwa data diperjualbelikan bukan asal sistem kelola telkomsel,2
327,hastag tuntut kominfo trend topic garagara m data pribadi sim card bocor jual internet,1
328,miliar data daftar kartu sim alami bocor forum pasar gelap kominfo tampik klaim bocor data asal internal menteri bagaimana islam pandang masalah simak channel mmc keyword data bocor simcard data bocor aman,1
329,data rakyat bocor lewat sim card aman rakyat lindung serbaserbi mmc miliar data daftar kartu sim alami bocor forum pasar gelap kominfo tampik klaim bocor data asal jangan lupa share seluasluasnya iya,1
330,data rakyat bocor lewat sim card aman rakyat lindung serbaserbi mmc miliar data daftar kartu sim alami bocor forum pasar gelap kominfo tampik klaim bocor data asal internal menteri,1
331,data rakyat bocor lewat sim card aman rakyat lindung serbaserbi mmc miliar data daftar kartu sim alami bocor forum pasar gelap kominfo tampik klaim bocor data asal internal menteri,1
332,kominfo tuntutkominfo emang paling depan kalau soal blokir blokir kalau masalah bocor data sim card bukan bocor trus kami keluh siapa masa gegara kami harus keluh pak pak,0
333,website nurut atur pse cacat ancam masalah semut begini blokir gilir data duduk sana sini bocor bantah kominfo ancam blokir bantah tuntutkominfo blokirkominfo tldr klarifikasi kominfo atas bocor data sim,0
334,miliar data daftar kartu sim telepon indonesia bocor data daftar liput nik nomor telepon nama sedia provider tanggal daftar jual nyata data dapat kominfo ri,1
335,data kartu sim indonesia duga bocor jelas kominfo kemendagri simcard,1
336,m data milik sim card duga bocor kominfo hingga operator seluler kompak bantah bobol tuntutkominfo tuntutkominfo,1
337,miliar data daftar kartu sim alami bocor forum pasar gelap kominfo tampik klaim bocor data asal internal menteri bagaimana islam pandang masalah simak channel mmc keywords youtube data bocor simcard data bocor aman,1
338,bagaimana mungkin data segitu banyak bocor aman data pasu parasut sim card bagaimana semua data rakyat pada registrasi kartu sdah tuntutkominfo tuntutkominfo tuntutkominfo,0
339,kirain waktu dulu kominfo nyuruh registrasi aman eeeh skrng milyar data sim card bocor,0
340,kominfo klarifikasi duga miliar data kartu sim bocor di jual,1
341,data registrasi sim prabayar duga bocor kominfo dukcapil operator kompak elak tuntutkominfo tuntutkominfo,1
342,data rakyat bocor lewat sim card aman rakyat lindung serbaserbi mmc kominfo tampik klaim bocor data asal internal menteri simak video bagaimana islamkaffah pandang masalah share seluasluasnya iya,1
343,kemarin data kemenkumham bocor sekarang gilir data kominfo bocor isi milyar data sim card tuntutkominfo tuntutkominfo,1
344,benar data sim card bocor kominfo tuntutkominfo tuntutkominfo,1
345,data rakyat bocor lewat sim card aman rakyat lindung serbaserbi mmc miliar data daftar kartu sim alami bocor forum pasar gelap kominfo tampik klaim bocor data asal internal menteri bagaimana islam pandang masalah b,1
346,miliar data sim card duga bocor forum gelap kominfo bantah tuntutkominfo tuntutkominfo,1
347,miliar data sim card bocor kominfo kemendagri samasama bantah kalau bocor data jual belikan bukan mereka tuntutkominfo tuntutkominfo,1
348,miliar data kartu sim duduk indonesia duga bocor kominfo cuci tangan tuntutkominfo tuntutkominfo,0
349,banyak miliar data sim card telepon seluler indonesia duga bocor kominfo sebut bagai sumber bocor data apa kata menteri tuntutkominfo tuntutkominfo,0
350,viral kabar miliar data kartu sim bocor fpks percaya rakyat hilang kominfo tuntutkominfo tuntutkominfo,0
351,data registrasi sim prabayar duga bocor kominfo dukcapil operator kompak elak tuntutkominfo tuntutkominfo,0
352,miliar data sim card duga bocor kominfo bukan kami tuntutkominfo tuntutkominfo,1
353,faktafakta duga miliar data kartu sim bocor begini respons kominfo tuntutkominfo tuntutkominfo,1
354,tuding jadi miliar data sim card bocor kominfo tidak punya aplikasi tampung data registrasi kilah tuntutkominfo tuntutkominfo,0
355,m data milik sim card duga bocor kominfo hingga operator seluler kompak bantah bobol tuntutkominfo tuntutkominfo baca selengkapnyagt,1
356,miliar data daftar kartu sim telepon indonesia bocor data daftar liput nik nomor telepon nama sedia provider tanggal daftar jual nyata data dapat kominfo ri jadi cara aman data diri bagaimana,1
357,data sim card bocor pasar gelap kominfopenyebabnya,1
358,praktisi aman siber bicara data sim card bocor duga darikominfo,1
359,viral kabar miliar data kartu sim bocor fpks percaya rakyat hilang kominfo,1
360,kominfo laku audit atas duga miliar data kartu sim bocor,1
361,m data milik sim card duga bocor kominfo hingga operator seluler kompak bantah bobol kominfo dataprivacy cyberintelligence beritaterkini baca selengkapnyagt,1
362,populer bocor data jadi kali data registrasi kartu sim prabayar duga bocor bagaimana tanggap kominfo,1
363,faktafakta duga miliar data kartu sim bocor begini respons kominfo,1
364,bocor data registrasi sim duga bocor kominfo kelit,0
365,kait duga data sim bocor kominfo menteri kominfo punya aplikasi tampung data sim telusur sebut tidak milik aplikasi tampung data registrasi prabayar pascabayar,2
366,kait duga data sim bocor kominfo menteri kominfo punya aplikasi tampung data sim jadi simpul data sebut asal menteri,2
367,data registrasi kartu sim bocor kominfo bukan kominfo,1
368,bijak registrasi kartu sim laku sejak kominfo kemendagri tengah usut sumber data duga bocor sebut,1
369,kominfo kemendagri kompak bantah data sim cardbocor,1
370,respons kominfo soal miliar data daftar kartu sim bocor telusur sebut tahu tidak milik aplikasi tampung data registrasi prabayar pascabayar,1
371,viral miliar data registrasi kartu sim hp duga bocor kominfo bukan asal kami,1
372,respons kominfo soal miliar data daftar kartu sim bocor pertama aku laku telusur internal respons informasi bocor data kali,1
373,respons kominfo soal miliar data daftar kartu sim bocor jelas data daftar kartu sim sebut asal,1
374,pasti data sim bocor bukan,1
375,praktisi aman siber bicara data sim card bocor duga kominfo tempotekno,1
376,miliar data sim card kominfo duga bocor salah siapa,1
377,kominfo sorot miliar data registrasi sim prabayar bocor pks hilang percaya publik kominfo,1
378,miliar data registrasi sim prabayar duga bocor kominfo bantah colong,1
379,menteri komunikasi informatika johnny gplate data sim card bocor bukan kominfo kominfo mantaaap,1
380,baca jelas kominfo bocor data kartu sim telepon lalu penasaran ada mungkin bocor titik dukcapil operator,1
381,data sim card bocor bukan kominfo bocor data melulu urus bagai contoh bijak pse jadi pse ikut bertanggungjawab tidak data bocor,2
382,data sim card bocor bukan kominfo,2
383,data sim card bocor bukan kominfo kominfo milik kait akun bjorka kominfo milik aplikasi tampung data registrasi prabayar pascabayar,1
384,miliar data sim card duga bocor begini respons opsel kominfo,1
385,menkominfo johnny g plate buka suara soal miliar data daftar kartu sim duga bocor jual forum gelap narasi data oleh kominfo kata cara data bocor bukan data kominfo,1
386,data registrasi sim prabayar duga bocor kominfo dukcapil operator kompak elak,1
387,enamplus miliar data sim card kominfo klaim bocor,1
388,heboh miliar data registrasi sim card indonesia bocor jual begini reaksikominfo,1
389,duga miliar data kartu sim bocor kominfo laku audit,1
390,data sim card seluler bocor jual banyak miliar kominfo bantah bagai laku rm padang angga komisi nasional ham ceritaserem maguire japanopen danadesa tag icloud manusia,0
391,hacker sebut kominfo milyar data kartu sim seluler indonesia bocor,1
392,edan miliar data sim card bocor jual pasar gelap kominfomembantah,1
393,populer money harga pertamax turbo dexlite pertamina dex turun miliar data sim card bocor kominfo bantah jadi sumber bocor,1
394,miliar data daftar kartu sim duga bocor sistem aman kominfo jadisorotan,1
395,heran masak kelas kominfo punya aplikasi tampung tuding jadi miliar data sim card bocor kominfo tidak punya aplikasi tampung data registrasi lalu,0
396,soal duga miliar data kartu sim bocor jual begini penjelasankominfo,1
397,pantas ditelfon bagi pihak tidak kenal nawarkan produk bangt emg tuding jadi miliar data quotsim cardquot bocor kominfo tidak punya aplikasi tampung data registrasi klik baca,0
398,kait duga data sim bocor kominfo menteri kominfo punya aplikasi tampung data sim kominfo sedang laku telusur lebih lanjut kait sumber data halhal,1
399,kait duga data sim bocor kominfo menteri kominfo punya aplikasi tampung data sim kominfo tidak milik aplikasi tampung data registrasi prabayar pascabayar,1
400,geger miliar data kartu sim telepon indonesia duga bocor jual sebut dari kominfo breakingnews,1
401,miliar data registrasi kartu sim bocor curi kominfo,1
402,miliar data daftar kartu sim duga bocor katakominfo,1
403,lagidata kominfo bocorsebanyak billion milik identitas sim card jual forum bawah tanahlagi si bjorkahehehe indonesia open source mas broo,0
404,tuding jadi miliar data sim card bocor kominfo tidak punya aplikasi tampung data registrasi klik baca,1
405,kalau data sim prabayar ada kominfo jadi data simpan siapa jadi dulu siapa suruh bikin atur daftar sim prabayar penting sangkal dulu kita kan lama lupa jadi biasa paling bocordah biasa attachment detik inet,0
406,gempar miliar data kartu sim bocor menkominfo segera audit bal pak kapolri segera periksa menteri kominfo terlalu banyak janggal,1
407,bocor kali duga data kominfo isi miliar data registrasi kartu sim telepon jual,1
408,miliar data daftar kartu sim duga bocor sistem aman kominfo jadi sorot celebritiesdotid infocelebterkini,1
409,hacker sebut kominfo milyar data kartu sim seluler indonesia bocor lewat online,1
410,geger miliar data kartu sim telepon indonesia duga bocor jual sebut dari kominfo,1
411,miliar data sim card bocor dark web kominfo bantah penyebarandata,1
412,kait duga data sim bocor kominfo tidak milik aplikasi tampung data registrasi prabayar pascabayar,1
413,breakingnews gawat miliar data daftar kartu sim indonesia bocor netizen protes kominfo gtgt carvalho gerrad spbu nontonmumun sadtember wake me up when september ends zendaya elliot fabio potemkin jota tito newcastle goty tito,0
414,kait duga data sim bocor kominfo menteri kominfo punya aplikasi tampung data sim,1
415,kominfo aku tampung data registrasi sim prabayar bocor,1
416,miliar data daftar kartu sim bocor kemenkominfo asal kominfokominfo trend trendingnews opsimediatv,1
417,miliar data daftar kartu sim bocor kemenkominfo asal kominfo,1
418,viral miliar data daftar kartu sim duga bocor kominfo bagaimana tanggap menteri,1
419,hadeh bagaimana miliar data registrasi kartu sim duga bocor sebut data valid klik baca,0
420,benar data miliar sim card bocor kominfo menteri instruksi audit,1
421,miliar data registrasi kartu sim prabayar kominfo bocor nalar,1
422,bocor data miliar daftar sim card jual ribu dollar kominfo asal menteri,1
423,respons kominfo soal miliar data daftar kartu sim bocor dasar atas penggal data sebar akun bjorka simpul data sebut asal,1
424,tuding jadi miliar data sim card bocor kominfo punya aplikasi tampung data registrasi benar sih aplikasi tidak nampung data registrasi yang nampung data registrasi server iya iya iya iya,0
425,benar data miliar sim card bocor kominfo menteri instruksi audit tempotekno,1
426,gaduh duga data registrasi kartu sim bocor kata kominfo,1
427,bobrok hacker sebut kominfo milyar data kartu sim seluler indonesia bocor sore jokowi haduh komisi nasional ham cebong polisi wanita bem ri fajri mango breakingnews subsidibbmbodong bebanhidupmeroket bbmnaikjokowiturun presidenpenipurakyat,0
428,kait duga data sim bocor nyata tri kominfo milik aplikasi tampung data sim,1
429,data registrasi sim card bocor kominfo bukan darikominfo,1
430,bocor kali duga data kominfo isi miliar data registrasi kartu sim telepon jual,1
431,kominfo tampik klaim akun bjorka miliar data sim card bocor asal internal menteri,1
432,miliar data daftar kartu sim duga bocor sistem aman kominfo jadi sorot,1
433,tuding jadi miliar data sim card bocor kominfo tidak punya aplikasi tampung data registrasi,1
434,milyar data sim card duga bocor kominfo ikan tanggap,1
435,miliar data kartu sim duga bocor kemenkominfo laku audit kominfo databocor simcard,1
436,klaim ada data bocor kominfo audit miliar sim card edar internet via,1
437,aduh miliar data registrasi sim card kominfo duga bocor,1
438,kait duga data sim bocor kominfo menteri kominfo punya aplikasi tampung data sim terang pihak milik kait akun bjorka kait penggal data daftar sim card,1
439,banyak miliar data sim card indonesia bocor liput nik nomor telepon provider tanggal daftar data jual harga rp juta forum gelap jual informasi data dapat dari kominfo ri,1
440,kait duga data sim bocor kominfo menteri kominfo punya aplikasi tampung data sim telusur sebut tidak milik aplikasi tampung data registrasi prabayar pascabayar,1
441,kait duga data sim bocor menteri kominfo punya aplikasi tampung data sim,1
442,miliar data sim card duga bocor sekretaris jenderal bukan kami,1
443,kominfo keluar nyata kait duga miliar data daftar kartu sim bocor mana jual forum hacker tiga poin hubung informasi edar soal bocor data kartu prabayar,1
444,kominfo buat nyata kait duga miliar data daftar kartu sim bocor mana jual forum hacker tiga poin hubung informasi edar soal bocor data kartu prabayar,1
445,data registrasi kartu sim duga bocor kominfo bukan kita,1
446,halo bagaimana kabarnyaenak kan jadi pihak tanggung jawab atas bocor sim card hp padahal situ data kependudukanyg cara langsung ikut bocor,0
447,miliar data registrasi sim card duga bocor katakominfo,1
448,wuaah bahaya niih miliar data sim card duga bocor forum gelap kominfo bantah,0
449,waah data darimana data bocor bukan aplikasi kominfo respons kominfo soal miliar data daftar kartu sim bocor,1
450,viral miliar data daftar kartu sim duga bocor kominfo bagaimana tanggap menteri kominfo,1
451,miliar data daftar kartu sim indonesia bocor dari kominfo okezonetechno,1
452,kominfo angkat bicara soal duga miliar data registrasi sim card bocor jual forum hacker kumparantech,1
453,soal data registrasi sim card bocor kominfo sebut pernah pegang data pribadi,1
454,logo baru kominfo di naung si gontol plate data pribadi sim bocor,0
455,respons kominfo soal miliar data sim card bocor jual pasar gelap lewat online,1
456,bocor data jadi kali data registrasi kartu sim prabayar duga bocor bagaimana tanggap kominfo,1
457,hmmmmm bijiminih ini kartu sim pasu parasut hp indonesia bocor noh data data kudu kominfo gerak cepat bagaimana cara biar datadata pasu parasut tidak bocor kayak begonoh noh jangan diem diem bae take action,0
458,video miliar data sim card kominfo klaim bocor banyak miliar data daftar kartu sim telepon indonesia pegang kominfo klaim bocor jual belikan forum gelap,1
459,bocor data jadi kali data registrasi kartu sim prabayar duga bocor bagaimana tanggap kominfo,1
460,data registrasi sim card bocor kominfo bukan kominfo,1
461,banyak miliar data sim card telepon seluler indonesia duga bocor kominfo sebut bagai sumber bocor data apa kata menteri,1
462,kominfo angkat bicara soal duga miliar data registrasi sim card bocor jual forum hacker kumparantech,1
463,banyak miliar data daftar kartu sim telepon indonesia bocor via infosumbar databocor tri kominfo,1
464,milyar data sim card kominfo bocor jual bagaimana tanggap kominfo,1
465,data kominfo banyak milyar data kartu sim telepon seluler bocor forum blackmarket blokirkominfo,0
466,capek sama instansi satu registrasi sim hp bilang buat aman padahal buat awas user gilir data bocor ada tanggungjawab sama sekali deh lah pensiun kalian kominfo,0
467,data sim card milik duduk indonesia simpan kominfo duga bocor jual hingga ratus juta,1
468,miliar data daftar kartu sim indonesia duga bocor kata kominfo,1
469,kaget miris kurang dibully apa bagaimana kominfo makanya perlu minta data pribadi cuma buat sim card ujung amanah bocor,0
470,data kominfo bocor kominfo bakal panggil kominfo miliar data registrasi sim card masyarakat bocor jual forum hacker fakta kumparantech,1
471,kominfo bantah miliar data kartu sim bocor mira kata format data klaim bocor situs forum retas bukan ala kominfo,1
472,kalau begini mau ban kaya apa data apa sedia bpjs bocor indihome bocor sekarang sim card bocor bagaimana bagai garda depan,0
473,hacker sebut kominfo milyar data kartu sim seluler indonesia bocor,1
474,hacker sebut kominfo milyar data kartu sim seluler indonesia bocor,1
475,musim ujan baru mau mulai kabar data kominfo daftar sim bocor duluan liput nik nama no telepon provider kapan daftar data sudah tawar jual bobol siap makin banyak sms wa aneh template kominfo tenang kami blokir,0
476,miliar data daftar kartu sim telepon indonesia bocor data daftar liput nik nomor telepon nama sedia provider tanggal daftar jual nyata data dapat kominfo ri,1
477,gawat miliar data daftar kartu sim indonesia bocor netizen protes kominfo,1
478,breakingnews gawat miliar data daftar kartu sim indonesia bocor netizen protes kominfo gtgt carvalho gerrad spbu nontonmumun sadtember wake me up when september ends zendaya tsimikas elliot fabio potemkin jota tito newcastle goty tito,1
479,twitter unggah gambar tunjuk miliar data sim card telepon seluler indonesia bocor sebut data bocor asal kominfo,1
480,kemarin data kemenkumham bocor sekarang gilir data kominfo bocor isi milyar data sim card,1
481,miliar data daftar kartu sim telepon indonesia bocor data daftar liput nik nomor telepon nama sedia provider tanggal daftar jual nyata data dapat kominfo ri,1
482,sebut tanggung jawab soal data sim card bocor menkominfo rasa serang siber domain bssn,0
483,deret kasus bocor data bulan akhir pln sim card hingga kpu,1
484,deret kasus bocor data bulan akhir pln sim card hinggakpu,1
485,sebut tanggung jawab soal data sim card bocor menkominfo rasa serang siber domain bssn,0
486,dukung langkah kominfo gandeng badan siber sandi negara bssn dalam kasus duga bocor data sim card kartu sim indonesia,2
487,dulu wajib regist sim card pakai data pribadi ituhhh soppoohhhhh,0
488,miliar data registrasi sim card sekarang data pilih kpu juga musim hujan deh bocor,0
489,hacker nama bjorka kirim pesan tohok alamat kominfo kait duga bocor miliar data registrasi sim card prabayar,1
490,wakil ketua komisi i juga ketua panitia kerja panitia kerja ruu pdp abdul kharis almasyhari sebut semua pihak masuk menteri komunikasi informatika kominfo segera benah kait insiden bocor miliar data sim card,1
491,gandeng badan siber sandi negara bssn operator seluler dukcapil dalam kasus duga bocor data sim card kartu sim indonesia,2
492,kominfo tanggung jawab shrsnya masyrkat tuntut kominfosoal bocor data sim card,0
493,hacker jual miliar data sim card telepon seluler sebut kominfo bodoh apa tanggap menteri kominfo johnny g plate,1
494,kominfo gandeng badan siber sandi negara bssn dalam kasus duga bocor data sim card kartu sim indonesia,2
495,data registrasi sim card prabayar bocor susul erick thohir singgung juta data pedulilindungi hilang,1
496,sok wajib daftar sim card pakai data pribadi gilir hack tanggung jawab lieurrr,0
497,usai registrasi sim card data kpu dilaporkanbocor,1
498,side effect bijak rezim laku no kakak no ektp bagai syarat registrasi sim card bajing semua data bocor elak tanggung jawab bangsat,0
499,direktur jenderal aplikasi informatika menteri komunikasi informatika kominfo semuel abrijani pangerapan menindaklanjuti duga bocor data registrasi sim card telepon indonesia laku koordinasi sama ekosistem kendali data,2
500,beberapa waktu lalu jagat dunia twitter heboh salah satu aku kata ada milyar data sim card telah bocor cuit data bocor sebut jual black market,1
501,kelar masalah bocor data m sim card telepon sekarang muncul masalah baru,1
502,pakar siber analisis sampel miliar data bocor nik untuk daftar sim card by relawankebangsaan,1
503,hacker bjorka jual data klaim bagai milik warga indonesia belum sebut kominfo bodoh kait bocor miliar data sim card telepon seluler,1
504,data sim card dihack bjorka kini data duduk kpu kena serang hacker ini ungkap akun beri ingat kicau voksupdate voksradiojogja,1
505,menteri komunikasi informatika kominfo pesan bjorka retas hacker bobol miliar data daftar sim card kartu telepon seluler indonesia tidak laku akses ilegal,1
506,usai bobol miliar data sim card telepon seluler indonesia kali juta data pilih umum komisi pilih umum kpu ri sedang diperjualbelikan forum online simak berita lengkap newsone cariberitaditvone,1
507,hacker bjorka sindir keras kominfo aman siber kritisi kominfo tidak blakblakan soal bocor data registrasi sim card prabayar ikut jelas,0
508,hacker bjorka sindir keras kominfo aman siber kritisi kominfo tidak blakblakan soal bocor data registrasi sim card prabayar ikut jelas,0
509,pakar siber analisis sampel miliar data bocor nik untuk daftar simcard,1
510,video hacker bjorka balas pesan kominfo idiot hacker bjorka balas pesan menteri komunikasi informatika kominfo kait kasus bocor data registrasi sim card pesan bjorka minta perintah indonesia henti jadi,0
511,video hacker bjorka balas pesan kominfo idiot jakarta hacker bjorka balas pesan menteri komunikasi informatika kominfo kait kasus bocor data registrasi sim card pesan bjorka minta perintah,0
512,usai bobol miliar data sim card telepon seluler indonesia kali juta data pilih pilih umum komisi pilih umum kpu ri sedang diperjualbelikan forum online,1
513,misteri sumber bocor data registrasi sim cardprabayar,1
514,hacker bjorka sindir keras kominfo aman siber kritisi kominfo tidak blakblakan soal bocor data registrasi sim card prabayar,0
515,hacker bjorka jual miliar data sim card telepon seluler warga indonesia sebut kominfo bodoh siapa retas bjorka data apa yang ambil,0
516,jadi kalau bjorka sang hacker sebut perintah idot iya kaca daripada sibuk sangkal tidak beres security lebih baik jitakin operator nakal tinjau tuju daftar sim card bikin server data pusat trus aku minta maaf sama netizen,0
517,kemarin jelas kominfo netizen sentil hacker bocor data sim card anggap pahlawan dari tulis alfons vaksin com harus kominfo mantri hutan lurah tidak awas operator hingga data langgan direplikasi daftar ribu sim,0
518,kominfo kirim pesan jangan jadi idiot bjorka netizen ikut tanggap dukung pesan kirim hacker jual data registrasi sim card,0
519,kominfo kirim pesan jangan jadi idiot bjorka netizen ikut tanggap dukung pesan kirim hacker jual data registrasi sim card,0
520,gandeng badan siber sandi negara bssn dalam kasus duga bocor data sim card kartu sim indonesia,2
521,usai rigistrasi sim card data kpu lapor bocor,1
522,kominfo soal bocor data sim card ibarat rumah maling lalu teriak kalau jangan jadi maling lah woy,0
523,pagi telpon jelas untung autoblock unknown numbernya aktif sering dapat telpon jelas semenjak berita data sim card bocor,0
524,tagih janji kominfo tahun lalu soal aman data registrasi simcard,1
525,kominfo kirim pesan jangan jadi idiot bjorka netizen ikut tanggap dukung pesan kirim hacker jual data registrasi sim card,0
526,soal bocor data sim card kominfo hacker jangan anggap pahlawan ini tengah sama cyber crime polri badan siber sandi negara bssn pihak operator seluler opsel tangan ini,2
527,soal bocor data sim card hacker jangan anggap pahlawan bocor perlu hukum sesuai atur laku jangan bocor anggap bak pahlawan padahal yang bocor datadata juga,2
528,soal bocor data sim card hacker jangan anggap pahlawan indonesia banyak serang kita bahu bahu makanya hari kami undang cyber crime polri agar laku harus tindak,2
529,menteri kominfo komunikasi informatika gandeng badan siber sandi negara bssn dalam kasus duga bocor data sim card kartu sim indonesia,2
530,kemkominfo gandeng badan siber sandi negara bssn dalam kasus duga bocor data sim card kartu sim indonesia,2
531,duga bocor data kartu sim menteri kominfo gandeng bssn menteri kominfo desak operator selular ditjen dukcapil kemendagri laku duga bocor sim card kartu sim,2
532,semuel benar bocor miliar data registrasi sim card kominfo investigasi lebih lanjut tahu siapa orang bocor data sebut,1
533,soal bocor data sim card kominfo hacker jangan anggap pahlawan,1
534,kena bocor miliar data registrasi sim card kominfo investigasi lebih lanjut tahu siapa orang bocor data sebut,1
535,menteri kominfo komunikasi informatika gandeng badan siber sandi negara bssn dalam kasus duga bocor data sim card kartu sim indonesia,2
536,duga bocor data kartu sim menteri kominfo gandeng bssn menteri gandeng badan siber sandi negara bssn dalam kasus duga bocor data sim card kartu sim indonesia,2
537,bedah data sim card bocor satu nik seribunomor,1
538,bedah data sim card bocor satu nik ribu nomor,1
539,bedah data sim card bocor satu nik ribu nomor tempotekno,1
540,soal bocor data sim card kominfo hacker jangan anggap pahlawan bocor anggap bak pahlawan padahal bocor datadata juga,1
541,ramai soal duga miliar data sim card bocor analisis pakar halaman all kompas opsitek,1
542,miliar data pribadi sim card duga bocor pakar siber lama di erti donk masa erti bocor tidak perlu panik lah sudah biasa tetangga bocor kok,0
543,data besar gb isi miliar data sim card duduk indonesia temu jual bebas situs data kandung nama nomor telepon nomor nik nomor kakak,1
544,kominfo minta operator seluler bertanggungjawab atas bocor miliar data sim card,1
545,faktafakta bocor data registrasi simcard,1
546,saran masyarakat usai bocor data sim card ganti menkominfo,0
547,kominfo sebut duga bocor miliar data sim card telepon seluler salah penyelanggara apa hukum,1
548,soal bocor data kartu sim card nyata hacker jangan anggap pahlawan,1
549,pertama kali program registrasi sim card prabayar lima tahun lalu menteri kominfo janji aman data pasu parasut langgan laku daftar,2
550,infografik bocor miliar data sim card,1
551,ungkap deret janggal balik data sim card bocor,1
552,ahli it temu praktik operator seluler duga langgar atur kominfo berkat duga bocor miliar data sim card telepon seluler apa,1
553,soal bocor data sim card kominfo hacker jangan anggap pahlawan,1
554,menteri komunikasi informatika kominfo minta operator seluler tanggung jawab hadap bocor miliar data sim card alas operator seluler rupa pihak kendali data,1
555,soal bocor data sim card kominfo hacker jangan anggap pahlawan,1
556,soal bocor data sim card kominfo hacker jangan anggap pahlawan,1
557,kominfo bobol data registrasi sim card merasapahlawan,1
558,soal bocor data sim card kominfo hacker jangan anggap pahlawan bocor kita perlu hukum sesuai atur laku jangan yang bocor anggap bak pahlawan,1
559,lapor bocor miliar data sim card fakta youtube,1
560,miliar data sim card duga bocor langkah kemenkominfo,1
561,aneh menkominfo inibagaimana masyarakat mau jaga cara bagaimana sedang data masuk registrasi sim cardyang tanggung jawab siapa usul siapa sim card serta nik lain jangan lempar tanggung jawab dong,0
562,terang pihak milik kait akun bjorka kait penggal data daftar kartu sim sim card telepon indonesia,1
563,data sim card bocor media main blender menkominfo johnny g plate dibuli warganet rekam tahu bila lebih dulu beri jawab bocor milyar data registrasi sim card prabayar,0
564,data sim card bocor media main blender menkominfo johnny g plate dibuli warganet baca jawab cara utuh baca akan temu jawab bocor milyar data registrasi sim card prabayar,0
565,hasil kece milyar data sim card indonesia bocor nyata nik guna registrasi kali,1
566,jasa marga telekomunikasi pln bin polisi duga alami bocor data pekan akhir juga miliar data sim card telepon seluler uu lindung data pribadi terbit hari,1
567,bocor data sim card dampak masyarakat,1
568,baru kemarin data pln indihome umum bocor nyata data sim card ikut bocor sobat muda data bocor duga banyak miliar kini diperjualbelikan forum lewat orang nama bjorka gaspol,1
569,tolak lupa tahun lalu kominfo janji data registrasi sim card langgan ituaman,1
570,menteri komunikasi informatika minta operator seluler tanggung jawab hadap bocor miliar data sim card operator seluler rupa pihak kendali data sesuai undangundang ite,1
571,duga bocor data terus datang silih ganti mulai data langgan pln indihome hingga kini miliar data registrasi sim card,1
572,telusur kominfo soal duga bocor miliar data sim card,1
573,isu duga bocor miliar data sim card seruak publik merahputihcom kominfo simcard kebocorandata,1
574,kominfo minta operator seluler tanggung jawab atas bocor miliar data sim card,1
575,mana sumber bocor data sim card indonesia,1
576,kominfo buru bobol data miliar registrasi simcard,1
577,catat pr operator kemenkominfo kait bocor m data sim card,1
578,bahas bocor m data sim card kominfo warning operator tanggung jawab,1
579,rapat koordinasi investigasi bocor data sim card gelar kemkominfo sepakat hasil,1
580,miliar data pribadi sim card duga bocor pakar siber lama data simpan mana,1
581,kominfo beri ingat hacker bocor miliar data registrasi sim card data bocor rugi masyarakat bisa ujung pidana,1
582,tahun lalu bilang risiko aman data pribadi warga justru besar dng wajib registrasi sim card nik sekali bocor data pribadi nyangkut banyak eh bahkan bilang sebar isu bohong yawla paaaack,0
583,telkomsel bocor data sim card bukan asal data mereka kelola,1
584,bocor data sim card kemenkominfo laku perlu tindak,1
585,bulian hadap menkominfo johnny g plate kominfo kali awal bocor miliar data registrasi sim card prabayar data sebut jual akun nama bjorka forum,1
586,pakar aman siber data sim card bocor valid mungkin rekayasa,1
587,bocor miliar data sim card kemenkominfo investigasi libat bssn dukcapil,1
588,apa tahun lalu cemas kait registrasi sim card nik akhir beneran jadi perintah siap mitigasi bocor data perintah siap sibuk minta warga hatihati,0
589,kominfo investigasi duga bocor data registrasi simcard,1
590,kominfo minta masyarakat maklum era transformasi digital galak indonesia dapat kurang sisi aman salah satu tengah ramai bocor data registrasi sim card duga capai angka miliar data,2
591,arti kominfo jadi salah satu lembaga tidak percaya tidak tepat janji aman data sim card turut pak menteri nik beri lembaga percaya,0
592,waduhhh pak apa hubung sim card data bocor kok ganti password ajar mana ilmu,0
593,data sim card bocor media main blender menkominfo johnny g plate dibuli warganet baca jawab cara utuh baca akan temu jawab bocor milyar data registrasi sim card prabayar,0
594,soal bocor data sim card kominfo minta laku tindak,1
595,kominfo buru bobol data miliar registrasi sim card,1
596,data sim card bocor media main blender menkominfo johnny g plate dibuli warganet dengar rekam audio tanyajawab wartawan menkominfo tiga konteks nyata menteri johnny g plate,0
597,bak pahlawan versus cundang kominfo bocor miliar data sim card olah pahlawan,1
598,instead of kominfo kerja sama operator seluler atas bocor miliar data sim card minta pihak tanggung jawab ttpii yang dulu minta data pribadi buat registrasi sim card siapa sih,0
599,miliar data pribadi sim card seluler bocor kemenkominfo laku,1
600,miliar data pribadi sim card seluler bocor kemenkominfo laku,1
601,bocor data mulai sim card kemenkumham indihome yang buat warga cemas data personal disalahpergunakan faksi bertanggungjawab ini tanggap menkominfo baca berita lengkap sini,1
602,telusur bocor data miliar sim card kemenkominfo gandeng bareskrim,2
603,baca jawab menkominfo cara utuh baca akan temu jawab bocor milyar data registrasi sim card prabayar tiga konteks nyata menteri,1
604,kominfo aku duga bocor data sim card adakemiripan,1
605,kominfo bobol data registrasi sim card rasa pahlawan,1
606,banyak milyar data sim card warga indonesia diperjualbelikan buah situs internet data sebut kandung nama lengkap nomor telepon nik nomor kakak namun hingga ini keminfo menghimbau warga digtive sim simcard data keminfo,1
607,kominfo tindak lanjut duga bocor data sim card,1
608,kominfo panggil seluruh operator seluler telkomsel indosat hingga xl axiata soal miliar data sim card telepon seluler duga bocor apa hasil,1
